function_name,signature,filename,line_number,full_name,index
MPU_xQueueGenericSend,"BaseType_t(QueueHandle_t,void*,TickType_t,BaseType_t)",/home/zwz/FreeRTOS/FreeRTOS/Source/portable/GCC/ARM_CM3_MPU/mpu_wrappers_v2_asm.c,-1,MPU_ulTaskGenericNotifyTake,49
MPU_uxQueueMessagesWaiting,UBaseType_t(QueueHandle_t),/home/zwz/FreeRTOS/FreeRTOS/Source/portable/GCC/ARM_CM3_MPU/mpu_wrappers_v2_asm.c,-1,MPU_xTaskGenericNotifyStateClear,50
MPU_uxQueueSpacesAvailable,UBaseType_t(QueueHandle_t),/home/zwz/FreeRTOS/FreeRTOS/Source/portable/GCC/ARM_CM3_MPU/mpu_wrappers_v2_asm.c,-1,MPU_ulTaskGenericNotifyValueClear,51
MPU_xQueueReceive,"BaseType_t(QueueHandle_t,void*,TickType_t)",/home/zwz/FreeRTOS/FreeRTOS/Source/portable/GCC/ARM_CM3_MPU/mpu_wrappers_v2_asm.c,-1,MPU_xQueueGenericSend,52
MPU_xQueuePeek,"BaseType_t(QueueHandle_t,void*,TickType_t)",/home/zwz/FreeRTOS/FreeRTOS/Source/portable/GCC/ARM_CM3_MPU/mpu_wrappers_v2_asm.c,-1,MPU_uxQueueMessagesWaiting,53
MPU_xQueueSemaphoreTake,"BaseType_t(QueueHandle_t,TickType_t)",/home/zwz/FreeRTOS/FreeRTOS/Source/portable/GCC/ARM_CM3_MPU/mpu_wrappers_v2_asm.c,-1,MPU_uxQueueSpacesAvailable,54
MPU_xQueueGetMutexHolder,TaskHandle_t(QueueHandle_t),/home/zwz/FreeRTOS/FreeRTOS/Source/portable/GCC/ARM_CM3_MPU/mpu_wrappers_v2_asm.c,-1,MPU_xQueueReceive,55
MPU_xQueueTakeMutexRecursive,"BaseType_t(QueueHandle_t,TickType_t)",/home/zwz/FreeRTOS/FreeRTOS/Source/portable/GCC/ARM_CM3_MPU/mpu_wrappers_v2_asm.c,-1,MPU_xQueuePeek,56
MPU_xQueueGiveMutexRecursive,BaseType_t(QueueHandle_t),/home/zwz/FreeRTOS/FreeRTOS/Source/portable/GCC/ARM_CM3_MPU/mpu_wrappers_v2_asm.c,-1,MPU_xQueueSemaphoreTake,57
MPU_vQueueAddToRegistry,"void(QueueHandle_t,char*)",/home/zwz/FreeRTOS/FreeRTOS/Source/portable/GCC/ARM_CM3_MPU/mpu_wrappers_v2_asm.c,-1,MPU_xQueueGetMutexHolder,58
MPU_vQueueUnregisterQueue,void(QueueHandle_t),/home/zwz/FreeRTOS/FreeRTOS/Source/portable/GCC/ARM_CM3_MPU/mpu_wrappers_v2_asm.c,-1,MPU_xQueueTakeMutexRecursive,59
MPU_pcQueueGetName,char*(QueueHandle_t),/home/zwz/FreeRTOS/FreeRTOS/Source/portable/GCC/ARM_CM3_MPU/mpu_wrappers_v2_asm.c,-1,MPU_xQueueGiveMutexRecursive,60
create_queue,void(),/home/zwz/FreeRTOS/FreeRTOS/Source/portable/GCC/ARM_CM3_MPU/mpu_wrappers_v2_asm.c,-1,MPU_xStreamBufferSetTriggerLevel,87
delete_queue,void(),/home/zwz/FreeRTOS/FreeRTOS/Source/portable/GCC/ARM_CM3_MPU/mpu_wrappers_v2_asm.c,-1,MPU_xStreamBufferNextMessageLengthBytes,88
MPU_xQueueGenericSendImpl,"BaseType_t(QueueHandle_t,void*,TickType_t,BaseType_t)",/home/zwz/FreeRTOS/FreeRTOS/Source/portable/Common/mpu_wrappers_v2.c,-1,MPU_uxTaskPriorityGetFromISR,166
MPU_uxQueueMessagesWaitingImpl,UBaseType_t(QueueHandle_t),/home/zwz/FreeRTOS/FreeRTOS/Source/portable/Common/mpu_wrappers_v2.c,-1,MPU_uxTaskBasePriorityGet,167
MPU_uxQueueSpacesAvailableImpl,UBaseType_t(QueueHandle_t),/home/zwz/FreeRTOS/FreeRTOS/Source/portable/Common/mpu_wrappers_v2.c,-1,MPU_uxTaskBasePriorityGetFromISR,168
MPU_xQueueReceiveImpl,"BaseType_t(QueueHandle_t,void*,TickType_t)",/home/zwz/FreeRTOS/FreeRTOS/Source/portable/Common/mpu_wrappers_v2.c,-1,MPU_xTaskResumeFromISR,169
MPU_xQueuePeekImpl,"BaseType_t(QueueHandle_t,void*,TickType_t)",/home/zwz/FreeRTOS/FreeRTOS/Source/portable/Common/mpu_wrappers_v2.c,-1,MPU_xTaskGenericNotifyFromISR,170
MPU_xQueueSemaphoreTakeImpl,"BaseType_t(QueueHandle_t,TickType_t)",/home/zwz/FreeRTOS/FreeRTOS/Source/portable/Common/mpu_wrappers_v2.c,-1,MPU_vTaskGenericNotifyGiveFromISR,171
MPU_xQueueGetMutexHolderImpl,TaskHandle_t(QueueHandle_t),/home/zwz/FreeRTOS/FreeRTOS/Source/portable/Common/mpu_wrappers_v2.c,-1,MPU_xQueueGenericSendImpl,172
MPU_xQueueTakeMutexRecursiveImpl,"BaseType_t(QueueHandle_t,TickType_t)",/home/zwz/FreeRTOS/FreeRTOS/Source/portable/Common/mpu_wrappers_v2.c,-1,MPU_uxQueueMessagesWaitingImpl,173
MPU_xQueueGiveMutexRecursiveImpl,BaseType_t(QueueHandle_t),/home/zwz/FreeRTOS/FreeRTOS/Source/portable/Common/mpu_wrappers_v2.c,-1,MPU_uxQueueSpacesAvailableImpl,174
MPU_vQueueAddToRegistryImpl,"void(QueueHandle_t,char*)",/home/zwz/FreeRTOS/FreeRTOS/Source/portable/Common/mpu_wrappers_v2.c,-1,MPU_xQueueReceiveImpl,175
MPU_vQueueUnregisterQueueImpl,void(QueueHandle_t),/home/zwz/FreeRTOS/FreeRTOS/Source/portable/Common/mpu_wrappers_v2.c,-1,MPU_xQueuePeekImpl,176
MPU_pcQueueGetNameImpl,char*(QueueHandle_t),/home/zwz/FreeRTOS/FreeRTOS/Source/portable/Common/mpu_wrappers_v2.c,-1,MPU_xQueueSemaphoreTakeImpl,177
MPU_vQueueDelete,void(QueueHandle_t),/home/zwz/FreeRTOS/FreeRTOS/Source/portable/Common/mpu_wrappers_v2.c,-1,MPU_xQueueGetMutexHolderImpl,178
MPU_xQueueCreateMutex,QueueHandle_t(uint8_t),/home/zwz/FreeRTOS/FreeRTOS/Source/portable/Common/mpu_wrappers_v2.c,-1,MPU_xQueueTakeMutexRecursiveImpl,179
MPU_xQueueCreateMutexStatic,"QueueHandle_t(uint8_t,StaticQueue_t*)",/home/zwz/FreeRTOS/FreeRTOS/Source/portable/Common/mpu_wrappers_v2.c,-1,MPU_xQueueGiveMutexRecursiveImpl,180
MPU_xQueueCreateCountingSemaphore,"QueueHandle_t(UBaseType_t,UBaseType_t)",/home/zwz/FreeRTOS/FreeRTOS/Source/portable/Common/mpu_wrappers_v2.c,-1,MPU_vQueueAddToRegistryImpl,181
MPU_xQueueCreateCountingSemaphoreStatic,"QueueHandle_t(UBaseType_t,UBaseType_t,StaticQueue_t*)",/home/zwz/FreeRTOS/FreeRTOS/Source/portable/Common/mpu_wrappers_v2.c,-1,MPU_vQueueUnregisterQueueImpl,182
MPU_xQueueGenericCreate,"QueueHandle_t(UBaseType_t,UBaseType_t,uint8_t)",/home/zwz/FreeRTOS/FreeRTOS/Source/portable/Common/mpu_wrappers_v2.c,-1,MPU_pcQueueGetNameImpl,183
MPU_xQueueGenericCreateStatic,"QueueHandle_t(UBaseType_t,UBaseType_t,uint8_t*,StaticQueue_t*,uint8_t)",/home/zwz/FreeRTOS/FreeRTOS/Source/portable/Common/mpu_wrappers_v2.c,-1,MPU_vQueueDelete,184
MPU_xQueueGenericReset,"BaseType_t(QueueHandle_t,BaseType_t)",/home/zwz/FreeRTOS/FreeRTOS/Source/portable/Common/mpu_wrappers_v2.c,-1,MPU_xQueueCreateMutex,185
MPU_xQueueGenericGetStaticBuffers,"BaseType_t(QueueHandle_t,uint8_t**,StaticQueue_t**)",/home/zwz/FreeRTOS/FreeRTOS/Source/portable/Common/mpu_wrappers_v2.c,-1,MPU_xQueueCreateMutexStatic,186
MPU_xQueueGenericSendFromISR,"BaseType_t(QueueHandle_t,void*,BaseType_t*,BaseType_t)",/home/zwz/FreeRTOS/FreeRTOS/Source/portable/Common/mpu_wrappers_v2.c,-1,MPU_xQueueCreateCountingSemaphore,187
MPU_xQueueGiveFromISR,"BaseType_t(QueueHandle_t,BaseType_t*)",/home/zwz/FreeRTOS/FreeRTOS/Source/portable/Common/mpu_wrappers_v2.c,-1,MPU_xQueueCreateCountingSemaphoreStatic,188
MPU_xQueuePeekFromISR,"BaseType_t(QueueHandle_t,void*)",/home/zwz/FreeRTOS/FreeRTOS/Source/portable/Common/mpu_wrappers_v2.c,-1,MPU_xQueueGenericCreate,189
MPU_xQueueReceiveFromISR,"BaseType_t(QueueHandle_t,void*,BaseType_t*)",/home/zwz/FreeRTOS/FreeRTOS/Source/portable/Common/mpu_wrappers_v2.c,-1,MPU_xQueueGenericCreateStatic,190
MPU_xQueueIsQueueEmptyFromISR,BaseType_t(QueueHandle_t),/home/zwz/FreeRTOS/FreeRTOS/Source/portable/Common/mpu_wrappers_v2.c,-1,MPU_xQueueGenericReset,191
MPU_xQueueIsQueueFullFromISR,BaseType_t(QueueHandle_t),/home/zwz/FreeRTOS/FreeRTOS/Source/portable/Common/mpu_wrappers_v2.c,-1,MPU_xQueueGenericGetStaticBuffers,192
MPU_uxQueueMessagesWaitingFromISR,UBaseType_t(QueueHandle_t),/home/zwz/FreeRTOS/FreeRTOS/Source/portable/Common/mpu_wrappers_v2.c,-1,MPU_xQueueGenericSendFromISR,193
MPU_xQueueGetMutexHolderFromISR,TaskHandle_t(QueueHandle_t),/home/zwz/FreeRTOS/FreeRTOS/Source/portable/Common/mpu_wrappers_v2.c,-1,MPU_xQueueGiveFromISR,194
prvCheckForValidListAndQueue,void(void),/home/zwz/FreeRTOS/FreeRTOS/Source/timers.c,-1,prvTimerTask,266
xQueueGenericReset,"BaseType_t(QueueHandle_t,BaseType_t)",/home/zwz/FreeRTOS/FreeRTOS/Source/stream_buffer.c,-1,xStreamBufferReceiveCompletedFromISR,320
xQueueGenericCreateStatic,"QueueHandle_t(UBaseType_t,UBaseType_t,uint8_t*,StaticQueue_t*,uint8_t)",/home/zwz/FreeRTOS/FreeRTOS/Source/stream_buffer.c,-1,prvWriteBytesToBuffer,321
xQueueGenericGetStaticBuffers,"BaseType_t(QueueHandle_t,uint8_t**,StaticQueue_t**)",/home/zwz/FreeRTOS/FreeRTOS/Source/stream_buffer.c,-1,prvReadBytesFromBuffer,322
xQueueGenericCreate,"QueueHandle_t(UBaseType_t,UBaseType_t,uint8_t)",/home/zwz/FreeRTOS/FreeRTOS/Source/stream_buffer.c,-1,prvBytesInBuffer,323
prvInitialiseNewQueue,"void(UBaseType_t,UBaseType_t,uint8_t*,uint8_t,Queue_t*)",/home/zwz/FreeRTOS/FreeRTOS/Source/stream_buffer.c,-1,prvInitialiseNewStreamBuffer,324
xQueueCreateMutex,QueueHandle_t(uint8_t),/home/zwz/FreeRTOS/FreeRTOS/Source/stream_buffer.c,-1,vStreamBufferSetStreamBufferNotificationIndex,326
xQueueCreateMutexStatic,"QueueHandle_t(uint8_t,StaticQueue_t*)",/home/zwz/FreeRTOS/FreeRTOS/Source/stream_buffer.c,-1,uxStreamBufferGetStreamBufferNumber,327
xQueueGetMutexHolder,TaskHandle_t(QueueHandle_t),/home/zwz/FreeRTOS/FreeRTOS/Source/stream_buffer.c,-1,vStreamBufferSetStreamBufferNumber,328
xQueueGetMutexHolderFromISR,TaskHandle_t(QueueHandle_t),/home/zwz/FreeRTOS/FreeRTOS/Source/stream_buffer.c,-1,ucStreamBufferGetStreamBufferType,329
xQueueGiveMutexRecursive,BaseType_t(QueueHandle_t),/home/zwz/FreeRTOS/FreeRTOS/Source/portable/Common/mpu_wrappers.c,-1,/home/zwz/FreeRTOS/FreeRTOS/Source/portable/Common/mpu_wrappers.c:<global>,330
xQueueTakeMutexRecursive,"BaseType_t(QueueHandle_t,TickType_t)",/home/zwz/FreeRTOS/FreeRTOS/Source/queue.c,-1,/home/zwz/FreeRTOS/FreeRTOS/Source/queue.c:<global>,331
xQueueCreateCountingSemaphoreStatic,"QueueHandle_t(UBaseType_t,UBaseType_t,StaticQueue_t*)",/home/zwz/FreeRTOS/FreeRTOS/Source/queue.c,-1,xQueueGenericReset,332
xQueueCreateCountingSemaphore,"QueueHandle_t(UBaseType_t,UBaseType_t)",/home/zwz/FreeRTOS/FreeRTOS/Source/queue.c,-1,xQueueGenericCreateStatic,333
xQueueGenericSend,"BaseType_t(QueueHandle_t,void*,TickType_t,BaseType_t)",/home/zwz/FreeRTOS/FreeRTOS/Source/queue.c,-1,xQueueGenericGetStaticBuffers,334
xQueueGenericSendFromISR,"BaseType_t(QueueHandle_t,void*,BaseType_t*,BaseType_t)",/home/zwz/FreeRTOS/FreeRTOS/Source/queue.c,-1,xQueueGenericCreate,335
xQueueGiveFromISR,"BaseType_t(QueueHandle_t,BaseType_t*)",/home/zwz/FreeRTOS/FreeRTOS/Source/queue.c,-1,prvInitialiseNewQueue,336
xQueueReceive,"BaseType_t(QueueHandle_t,void*,TickType_t)",/home/zwz/FreeRTOS/FreeRTOS/Source/queue.c,-1,prvInitialiseMutex,337
xQueueSemaphoreTake,"BaseType_t(QueueHandle_t,TickType_t)",/home/zwz/FreeRTOS/FreeRTOS/Source/queue.c,-1,xQueueCreateMutex,338
xQueuePeek,"BaseType_t(QueueHandle_t,void*,TickType_t)",/home/zwz/FreeRTOS/FreeRTOS/Source/queue.c,-1,xQueueCreateMutexStatic,339
xQueueReceiveFromISR,"BaseType_t(QueueHandle_t,void*,BaseType_t*)",/home/zwz/FreeRTOS/FreeRTOS/Source/queue.c,-1,xQueueGetMutexHolder,340
xQueuePeekFromISR,"BaseType_t(QueueHandle_t,void*)",/home/zwz/FreeRTOS/FreeRTOS/Source/queue.c,-1,xQueueGetMutexHolderFromISR,341
uxQueueMessagesWaiting,UBaseType_t(QueueHandle_t),/home/zwz/FreeRTOS/FreeRTOS/Source/queue.c,-1,xQueueGiveMutexRecursive,342
uxQueueSpacesAvailable,UBaseType_t(QueueHandle_t),/home/zwz/FreeRTOS/FreeRTOS/Source/queue.c,-1,xQueueTakeMutexRecursive,343
uxQueueMessagesWaitingFromISR,UBaseType_t(QueueHandle_t),/home/zwz/FreeRTOS/FreeRTOS/Source/queue.c,-1,xQueueCreateCountingSemaphoreStatic,344
vQueueDelete,void(QueueHandle_t),/home/zwz/FreeRTOS/FreeRTOS/Source/queue.c,-1,xQueueCreateCountingSemaphore,345
uxQueueGetQueueNumber,UBaseType_t(QueueHandle_t),/home/zwz/FreeRTOS/FreeRTOS/Source/queue.c,-1,xQueueGenericSend,346
vQueueSetQueueNumber,"void(QueueHandle_t,UBaseType_t)",/home/zwz/FreeRTOS/FreeRTOS/Source/queue.c,-1,xQueueGenericSendFromISR,347
ucQueueGetQueueType,uint8_t(QueueHandle_t),/home/zwz/FreeRTOS/FreeRTOS/Source/queue.c,-1,xQueueGiveFromISR,348
uxQueueGetQueueItemSize,UBaseType_t(QueueHandle_t),/home/zwz/FreeRTOS/FreeRTOS/Source/queue.c,-1,xQueueReceive,349
uxQueueGetQueueLength,UBaseType_t(QueueHandle_t),/home/zwz/FreeRTOS/FreeRTOS/Source/queue.c,-1,xQueueSemaphoreTake,350
prvCopyDataToQueue,"BaseType_t(Queue_t*,void*,BaseType_t)",/home/zwz/FreeRTOS/FreeRTOS/Source/queue.c,-1,xQueueReceiveFromISR,352
prvCopyDataFromQueue,"void(Queue_t*,void*)",/home/zwz/FreeRTOS/FreeRTOS/Source/queue.c,-1,xQueuePeekFromISR,353
prvUnlockQueue,void(Queue_t*),/home/zwz/FreeRTOS/FreeRTOS/Source/queue.c,-1,uxQueueMessagesWaiting,354
prvIsQueueEmpty,BaseType_t(Queue_t*),/home/zwz/FreeRTOS/FreeRTOS/Source/queue.c,-1,uxQueueSpacesAvailable,355
xQueueIsQueueEmptyFromISR,BaseType_t(QueueHandle_t),/home/zwz/FreeRTOS/FreeRTOS/Source/queue.c,-1,uxQueueMessagesWaitingFromISR,356
prvIsQueueFull,BaseType_t(Queue_t*),/home/zwz/FreeRTOS/FreeRTOS/Source/queue.c,-1,vQueueDelete,357
xQueueIsQueueFullFromISR,BaseType_t(QueueHandle_t),/home/zwz/FreeRTOS/FreeRTOS/Source/queue.c,-1,uxQueueGetQueueNumber,358
vQueueAddToRegistry,"void(QueueHandle_t,char*)",/home/zwz/FreeRTOS/FreeRTOS/Source/queue.c,-1,vQueueSetQueueNumber,359
pcQueueGetName,char*(QueueHandle_t),/home/zwz/FreeRTOS/FreeRTOS/Source/queue.c,-1,ucQueueGetQueueType,360
vQueueUnregisterQueue,void(QueueHandle_t),/home/zwz/FreeRTOS/FreeRTOS/Source/queue.c,-1,uxQueueGetQueueItemSize,361
vQueueWaitForMessageRestricted,"void(QueueHandle_t,TickType_t,BaseType_t)",/home/zwz/FreeRTOS/FreeRTOS/Source/queue.c,-1,uxQueueGetQueueLength,362
xQueueSendToBackFromISR,ANY(0),app_main.c,-1,vApplicationStackOverflowHook,472
queueUNLOCKED,ANY(0),/home/zwz/FreeRTOS/FreeRTOS/Source/portable/MemMang/heap_4.c,-1,/home/zwz/FreeRTOS/FreeRTOS/Source/portable/MemMang/heap_4.c:heapBLOCK_SIZE_IS_VALID:ANY(1),506
queueYIELD_IF_USING_PREEMPTION,ANY(0),/home/zwz/FreeRTOS/FreeRTOS/Source/portable/GCC/ARM_CM3_MPU/port.c,-1,/home/zwz/FreeRTOS/FreeRTOS/Source/portable/GCC/ARM_CM3_MPU/portmacro.h:portENABLE_INTERRUPTS:ANY(0),512
xQueueSendToBack,int(0),/home/zwz/FreeRTOS/FreeRTOS/Source/portable/GCC/ARM_CM3_MPU/port.c,-1,/home/zwz/FreeRTOS/FreeRTOS/Source/portable/GCC/ARM_CM3_MPU/port.c:portPRIGROUP_SHIFT:ANY(0),514
prvIncrementQueueRxLock,ANY(4),/home/zwz/FreeRTOS/FreeRTOS/Source/tasks.c,-1,/home/zwz/FreeRTOS/FreeRTOS/Source/tasks.c:tskDYNAMICALLY_ALLOCATED_STACK_AND_TCB:ANY(0),518
xQueueCreateStatic,ANY(0),/home/zwz/FreeRTOS/FreeRTOS/Source/portable/GCC/ARM_CM3_MPU/port.c,-1,/home/zwz/FreeRTOS/FreeRTOS/Source/portable/GCC/ARM_CM3_MPU/port.c:portNVIC_SYS_CTRL_STATE_REG:ANY(0),519
queueQUEUE_IS_MUTEX,ANY(0),/home/zwz/FreeRTOS/FreeRTOS/Source/stream_buffer.c,-1,/home/zwz/FreeRTOS/FreeRTOS/Source/include/task.h:xTaskNotifyIndexedFromISR:ANY(5),522
xQueueReceive,ANY(0),/home/zwz/FreeRTOS/FreeRTOS/Source/queue.c,-1,/home/zwz/FreeRTOS/FreeRTOS/Source/queue.c:queueYIELD_IF_USING_PREEMPTION:ANY(0),530
errQUEUE_FULL,int(0),/home/zwz/FreeRTOS/FreeRTOS/Source/timers.c,-1,/home/zwz/FreeRTOS/FreeRTOS/Source/include/queue.h:xQueueSendToBack:ANY(3),532
errQUEUE_EMPTY,ANY(0),/home/zwz/FreeRTOS/FreeRTOS/Source/tasks.c,-1,/home/zwz/FreeRTOS/FreeRTOS/Source/include/portable.h:pvPortMallocStack:ANY(0),546
configQUEUE_REGISTRY_SIZE,unsigned longint(0),/home/zwz/FreeRTOS/FreeRTOS/Source/timers.c,-1,/home/zwz/FreeRTOS/FreeRTOS/Source/include/FreeRTOSConfig.h:configTIMER_TASK_PRIORITY:ANY(0),586
xQueueSend,ANY(1),/home/zwz/FreeRTOS/FreeRTOS/Source/portable/GCC/ARM_CM3_MPU/port.c,-1,/home/zwz/FreeRTOS/FreeRTOS/Source/portable/GCC/ARM_CM3_MPU/portmacro.h:portTOTAL_NUM_REGIONS_IN_TCB:ANY(0),609
queueOVERWRITE,ANY(2),/home/zwz/FreeRTOS/FreeRTOS/Source/tasks.c,-1,/home/zwz/FreeRTOS/FreeRTOS/Source/tasks.c:taskYIELD_ANY_CORE_IF_USING_PREEMPTION:ANY(1),612
prvIncrementQueueTxLock,ANY(0),fuzz_harness.c,-1,fuzz_harness.c:MAX_FUZZ_INPUT_SIZE:int(0),613
queueSEMAPHORE_QUEUE_ITEM_LENGTH,ANY(0),/home/zwz/FreeRTOS/FreeRTOS/Source/portable/MemMang/heap_4.c,-1,/home/zwz/FreeRTOS/FreeRTOS/Source/include/portable.h:portBYTE_ALIGNMENT_MASK:int(0),615
queueMUTEX_GIVE_BLOCK_TIME,ANY(0),/home/zwz/FreeRTOS/FreeRTOS/Source/timers.c,-1,/home/zwz/FreeRTOS/FreeRTOS/Source/timers.c:tmrSTATUS_IS_ACTIVE:unsigned int(0),646
vQueueDelete,int(0),/home/zwz/FreeRTOS/FreeRTOS/Source/tasks.c,-1,/home/zwz/FreeRTOS/FreeRTOS/Source/tasks.c:taskEVENT_LIST_ITEM_VALUE_IN_USE:ANY(0),668
configTIMER_QUEUE_LENGTH,ANY(1),/home/zwz/FreeRTOS/FreeRTOS/Source/portable/GCC/ARM_CM3_MPU/port.c,-1,/home/zwz/FreeRTOS/FreeRTOS/Source/portable/GCC/ARM_CM3_MPU/portmacro.h:portMPU_REGION_PRIVILEGED_READ_ONLY:ANY(0),669
MPU_GetQueueHandleAtIndex,ANY(1),/home/zwz/FreeRTOS/FreeRTOS/Source/timers.c,-1,/home/zwz/FreeRTOS/FreeRTOS/Source/include/list.h:listGET_ITEM_VALUE_OF_HEAD_ENTRY:ANY(1),672
queueQUEUE_TYPE_COUNTING_SEMAPHORE,ANY(0),/home/zwz/FreeRTOS/FreeRTOS/Source/portable/GCC/ARM_CM3_MPU/port.c,-1,/home/zwz/FreeRTOS/FreeRTOS/Source/portable/GCC/ARM_CM3_MPU/port.c:portSCB_VTOR_REG:ANY(0),676
MPU_StoreQueueHandleAtIndex,ANY(1),/home/zwz/FreeRTOS/FreeRTOS/Source/portable/GCC/ARM_CM3_MPU/port.c,-1,/home/zwz/FreeRTOS/FreeRTOS/Source/portable/GCC/ARM_CM3_MPU/port.c:portINITIAL_XPSR:ANY(0),680
queueLOCKED_UNMODIFIED,ANY(1),/home/zwz/FreeRTOS/FreeRTOS/Source/portable/GCC/ARM_CM3_MPU/port.c,-1,/home/zwz/FreeRTOS/FreeRTOS/Source/portable/GCC/ARM_CM3_MPU/port.c:portEXPECTED_MPU_TYPE_VALUE:ANY(0),684
xQueueSendFromISR,ANY(3),/home/zwz/FreeRTOS/FreeRTOS/Source/portable/GCC/ARM_CM3_MPU/port.c,-1,/home/zwz/FreeRTOS/FreeRTOS/Source/portable/GCC/ARM_CM3_MPU/port.c:portMPU_REGION_ATTRIBUTE_REG:ANY(0),696
prvLockQueue,ANY(1),/home/zwz/FreeRTOS/FreeRTOS/Source/portable/Common/mpu_wrappers_v2.c,-1,/home/zwz/FreeRTOS/FreeRTOS/Source/portable/Common/mpu_wrappers_v2.c:MPU_StoreQueueHandleAtIndex:ANY(2),698
queueSEND_TO_BACK,ANY(0),/home/zwz/FreeRTOS/FreeRTOS/Source/portable/GCC/ARM_CM3_MPU/port.c,-1,/home/zwz/FreeRTOS/FreeRTOS/Source/portable/GCC/ARM_CM3_MPU/port.c:portNVIC_IP_REGISTERS_OFFSET_16:ANY(0),704
xQueueCreate,ANY(0),/home/zwz/FreeRTOS/FreeRTOS/Source/timers.c,-1,/home/zwz/FreeRTOS/FreeRTOS/Source/include/queue.h:xQueueSendFromISR:ANY(3),714
