id,name
60129542144,/home/zwz/FreeRTOS/FreeRTOS/Source/event_groups.c
60129542145,init/startup.c
60129542146,/home/zwz/FreeRTOS/FreeRTOS/Source/portable/GCC/ARM_CM3_MPU/mpu_wrappers_v2_asm.c
60129542147,fuzz_harness.c
60129542148,/home/zwz/FreeRTOS/FreeRTOS/Source/portable/GCC/ARM_CM3_MPU/port.c
60129542149,/home/zwz/FreeRTOS/FreeRTOS/Source/portable/Common/mpu_wrappers_v2.c
60129542150,/home/zwz/FreeRTOS/FreeRTOS/Source/timers.c
60129542151,/home/zwz/FreeRTOS/FreeRTOS/Source/portable/MemMang/heap_4.c
60129542152,/home/zwz/FreeRTOS/FreeRTOS/Source/list.c
60129542153,/home/zwz/FreeRTOS/FreeRTOS/Source/stream_buffer.c
60129542154,/home/zwz/FreeRTOS/FreeRTOS/Source/portable/Common/mpu_wrappers.c
60129542155,/home/zwz/FreeRTOS/FreeRTOS/Source/queue.c
60129542156,mpu_demo.c
60129542157,/home/zwz/FreeRTOS/FreeRTOS/Source/tasks.c
60129542158,main.c
60129542159,app_main.c
60129542160,syscall.c
60129542161,<includes>
