name,fullName,filename,start_line,end_line,kind,code
EventGroupDef_t,EventGroupDef_t,/home/zwz/FreeRTOS/FreeRTOS/Source/event_groups.c,54,-1,type,"typedef struct EventGroupDef_t
    {
        EventBits_t uxEventBits;
        List_t xTasksWaitingForBits; /**< List of tasks waiting for a bit to be set. */

        #if ( configUSE_TRACE_FACILITY == 1 )
            UBaseType_t uxEventGroupNumber;
        #endif

        #if ( ( configSUPPORT_STATIC_ALLOCATION == 1 ) && ( configSUPPORT_DYNAMIC_ALLOCATION == 1 ) )
            uint8_t ucStaticallyAllocated; /**< Set to pdTRUE if the event group is statically allocated to ensure no attempt is made to free the memory. */
        #endif
    }"
EventGroup_t,EventGroup_t,/home/zwz/FreeRTOS/FreeRTOS/Source/event_groups.c,66,-1,type,"typedef struct EventGroupDef_t
    {
        EventBits_t uxEventBits;
        List_t xTasksWaitingForBits; /**< List of tasks waiting for a bit to be set. */

        #if ( configUSE_TRACE_FACILITY == 1 )
            UBaseType_t uxEventGroupNumber;
        #endif

        #if ( ( configSUPPORT_STATIC_ALLOCATION == 1 ) && ( configSUPPORT_DYNAMIC_ALLOCATION == 1 ) )
            uint8_t ucStaticallyAllocated; /**< Set to pdTRUE if the event group is statically allocated to ensure no attempt is made to free the memory. */
        #endif
    } EventGroup_t;"
xEventGroupCreateStatic,xEventGroupCreateStatic,/home/zwz/FreeRTOS/FreeRTOS/Source/event_groups.c,86,-1,type,xEventGroupCreateStatic
xEventGroupCreate,xEventGroupCreate,/home/zwz/FreeRTOS/FreeRTOS/Source/event_groups.c,145,-1,type,xEventGroupCreate
xEventGroupSync,xEventGroupSync,/home/zwz/FreeRTOS/FreeRTOS/Source/event_groups.c,185,-1,type,xEventGroupSync
xEventGroupWaitBits,xEventGroupWaitBits,/home/zwz/FreeRTOS/FreeRTOS/Source/event_groups.c,312,-1,type,xEventGroupWaitBits
xEventGroupClearBits,xEventGroupClearBits,/home/zwz/FreeRTOS/FreeRTOS/Source/event_groups.c,472,-1,type,xEventGroupClearBits
xEventGroupClearBitsFromISR,xEventGroupClearBitsFromISR,/home/zwz/FreeRTOS/FreeRTOS/Source/event_groups.c,506,-1,type,xEventGroupClearBitsFromISR
xEventGroupGetBitsFromISR,xEventGroupGetBitsFromISR,/home/zwz/FreeRTOS/FreeRTOS/Source/event_groups.c,524,-1,type,xEventGroupGetBitsFromISR
xEventGroupSetBits,xEventGroupSetBits,/home/zwz/FreeRTOS/FreeRTOS/Source/event_groups.c,547,-1,type,xEventGroupSetBits
vEventGroupDelete,vEventGroupDelete,/home/zwz/FreeRTOS/FreeRTOS/Source/event_groups.c,650,-1,type,vEventGroupDelete
xEventGroupGetStaticBuffer,xEventGroupGetStaticBuffer,/home/zwz/FreeRTOS/FreeRTOS/Source/event_groups.c,701,-1,type,xEventGroupGetStaticBuffer
vEventGroupSetBitsCallback,vEventGroupSetBitsCallback,/home/zwz/FreeRTOS/FreeRTOS/Source/event_groups.c,748,-1,type,vEventGroupSetBitsCallback
vEventGroupClearBitsCallback,vEventGroupClearBitsCallback,/home/zwz/FreeRTOS/FreeRTOS/Source/event_groups.c,764,-1,type,vEventGroupClearBitsCallback
prvTestWaitCondition,prvTestWaitCondition,/home/zwz/FreeRTOS/FreeRTOS/Source/event_groups.c,778,-1,type,prvTestWaitCondition
xEventGroupSetBitsFromISR,xEventGroupSetBitsFromISR,/home/zwz/FreeRTOS/FreeRTOS/Source/event_groups.c,817,-1,type,xEventGroupSetBitsFromISR
uxEventGroupGetNumber,uxEventGroupGetNumber,/home/zwz/FreeRTOS/FreeRTOS/Source/event_groups.c,838,-1,type,uxEventGroupGetNumber
vEventGroupSetNumber,vEventGroupSetNumber,/home/zwz/FreeRTOS/FreeRTOS/Source/event_groups.c,868,-1,type,vEventGroupSetNumber
<global>,/home/zwz/FreeRTOS/FreeRTOS/Source/event_groups.c:<global>,/home/zwz/FreeRTOS/FreeRTOS/Source/event_groups.c,1,-1,type,<global>
Reset_Handler,Reset_Handler,init/startup.c,45,-1,type,Reset_Handler
prvGetRegistersFromStack,prvGetRegistersFromStack,init/startup.c,69,-1,type,prvGetRegistersFromStack
Default_Handler,Default_Handler,init/startup.c,111,-1,type,Default_Handler
HardFault_Handler,HardFault_Handler,init/startup.c,128,-1,type,HardFault_Handler
MemMang_Handler,MemMang_Handler,init/startup.c,148,-1,type,MemMang_Handler
BusFault_Handler,BusFault_Handler,init/startup.c,162,-1,type,BusFault_Handler
UsageFault_Handler,UsageFault_Handler,init/startup.c,176,-1,type,UsageFault_Handler
Debug_Handler,Debug_Handler,init/startup.c,190,-1,type,Debug_Handler
_start,_start,init/startup.c,238,-1,type,_start
exit,exit,init/startup.c,245,-1,type,exit
<global>,init/startup.c:<global>,init/startup.c,1,-1,type,<global>
MPU_xTaskDelayUntil,MPU_xTaskDelayUntil,/home/zwz/FreeRTOS/FreeRTOS/Source/portable/GCC/ARM_CM3_MPU/mpu_wrappers_v2_asm.c,54,-1,type,MPU_xTaskDelayUntil
MPU_xTaskAbortDelay,MPU_xTaskAbortDelay,/home/zwz/FreeRTOS/FreeRTOS/Source/portable/GCC/ARM_CM3_MPU/mpu_wrappers_v2_asm.c,83,-1,type,MPU_xTaskAbortDelay
MPU_vTaskDelay,MPU_vTaskDelay,/home/zwz/FreeRTOS/FreeRTOS/Source/portable/GCC/ARM_CM3_MPU/mpu_wrappers_v2_asm.c,111,-1,type,MPU_vTaskDelay
MPU_uxTaskPriorityGet,MPU_uxTaskPriorityGet,/home/zwz/FreeRTOS/FreeRTOS/Source/portable/GCC/ARM_CM3_MPU/mpu_wrappers_v2_asm.c,139,-1,type,MPU_uxTaskPriorityGet
MPU_eTaskGetState,MPU_eTaskGetState,/home/zwz/FreeRTOS/FreeRTOS/Source/portable/GCC/ARM_CM3_MPU/mpu_wrappers_v2_asm.c,167,-1,type,MPU_eTaskGetState
MPU_vTaskGetInfo,MPU_vTaskGetInfo,/home/zwz/FreeRTOS/FreeRTOS/Source/portable/GCC/ARM_CM3_MPU/mpu_wrappers_v2_asm.c,198,-1,type,MPU_vTaskGetInfo
MPU_xTaskGetIdleTaskHandle,MPU_xTaskGetIdleTaskHandle,/home/zwz/FreeRTOS/FreeRTOS/Source/portable/GCC/ARM_CM3_MPU/mpu_wrappers_v2_asm.c,229,-1,type,MPU_xTaskGetIdleTaskHandle
MPU_vTaskSuspend,MPU_vTaskSuspend,/home/zwz/FreeRTOS/FreeRTOS/Source/portable/GCC/ARM_CM3_MPU/mpu_wrappers_v2_asm.c,257,-1,type,MPU_vTaskSuspend
MPU_vTaskResume,MPU_vTaskResume,/home/zwz/FreeRTOS/FreeRTOS/Source/portable/GCC/ARM_CM3_MPU/mpu_wrappers_v2_asm.c,285,-1,type,MPU_vTaskResume
MPU_xTaskGetTickCount,MPU_xTaskGetTickCount,/home/zwz/FreeRTOS/FreeRTOS/Source/portable/GCC/ARM_CM3_MPU/mpu_wrappers_v2_asm.c,311,-1,type,MPU_xTaskGetTickCount
MPU_uxTaskGetNumberOfTasks,MPU_uxTaskGetNumberOfTasks,/home/zwz/FreeRTOS/FreeRTOS/Source/portable/GCC/ARM_CM3_MPU/mpu_wrappers_v2_asm.c,335,-1,type,MPU_uxTaskGetNumberOfTasks
MPU_uxTaskGetSystemState,MPU_uxTaskGetSystemState,/home/zwz/FreeRTOS/FreeRTOS/Source/portable/GCC/ARM_CM3_MPU/mpu_wrappers_v2_asm.c,595,-1,type,MPU_uxTaskGetSystemState
MPU_uxTaskGetStackHighWaterMark,MPU_uxTaskGetStackHighWaterMark,/home/zwz/FreeRTOS/FreeRTOS/Source/portable/GCC/ARM_CM3_MPU/mpu_wrappers_v2_asm.c,625,-1,type,MPU_uxTaskGetStackHighWaterMark
MPU_uxTaskGetStackHighWaterMark2,MPU_uxTaskGetStackHighWaterMark2,/home/zwz/FreeRTOS/FreeRTOS/Source/portable/GCC/ARM_CM3_MPU/mpu_wrappers_v2_asm.c,653,-1,type,MPU_uxTaskGetStackHighWaterMark2
MPU_xTaskGetCurrentTaskHandle,MPU_xTaskGetCurrentTaskHandle,/home/zwz/FreeRTOS/FreeRTOS/Source/portable/GCC/ARM_CM3_MPU/mpu_wrappers_v2_asm.c,681,-1,type,MPU_xTaskGetCurrentTaskHandle
MPU_xTaskGetSchedulerState,MPU_xTaskGetSchedulerState,/home/zwz/FreeRTOS/FreeRTOS/Source/portable/GCC/ARM_CM3_MPU/mpu_wrappers_v2_asm.c,709,-1,type,MPU_xTaskGetSchedulerState
MPU_vTaskSetTimeOutState,MPU_vTaskSetTimeOutState,/home/zwz/FreeRTOS/FreeRTOS/Source/portable/GCC/ARM_CM3_MPU/mpu_wrappers_v2_asm.c,735,-1,type,MPU_vTaskSetTimeOutState
MPU_xTaskCheckForTimeOut,MPU_xTaskCheckForTimeOut,/home/zwz/FreeRTOS/FreeRTOS/Source/portable/GCC/ARM_CM3_MPU/mpu_wrappers_v2_asm.c,760,-1,type,MPU_xTaskCheckForTimeOut
MPU_xTaskGenericNotifyEntry,MPU_xTaskGenericNotifyEntry,/home/zwz/FreeRTOS/FreeRTOS/Source/portable/GCC/ARM_CM3_MPU/mpu_wrappers_v2_asm.c,787,-1,type,MPU_xTaskGenericNotifyEntry
MPU_xTaskGenericNotifyWaitEntry,MPU_xTaskGenericNotifyWaitEntry,/home/zwz/FreeRTOS/FreeRTOS/Source/portable/GCC/ARM_CM3_MPU/mpu_wrappers_v2_asm.c,815,-1,type,MPU_xTaskGenericNotifyWaitEntry
MPU_ulTaskGenericNotifyTake,MPU_ulTaskGenericNotifyTake,/home/zwz/FreeRTOS/FreeRTOS/Source/portable/GCC/ARM_CM3_MPU/mpu_wrappers_v2_asm.c,845,-1,type,MPU_ulTaskGenericNotifyTake
MPU_xTaskGenericNotifyStateClear,MPU_xTaskGenericNotifyStateClear,/home/zwz/FreeRTOS/FreeRTOS/Source/portable/GCC/ARM_CM3_MPU/mpu_wrappers_v2_asm.c,876,-1,type,MPU_xTaskGenericNotifyStateClear
MPU_ulTaskGenericNotifyValueClear,MPU_ulTaskGenericNotifyValueClear,/home/zwz/FreeRTOS/FreeRTOS/Source/portable/GCC/ARM_CM3_MPU/mpu_wrappers_v2_asm.c,907,-1,type,MPU_ulTaskGenericNotifyValueClear
MPU_xQueueGenericSend,MPU_xQueueGenericSend,/home/zwz/FreeRTOS/FreeRTOS/Source/portable/GCC/ARM_CM3_MPU/mpu_wrappers_v2_asm.c,938,-1,type,MPU_xQueueGenericSend
MPU_uxQueueMessagesWaiting,MPU_uxQueueMessagesWaiting,/home/zwz/FreeRTOS/FreeRTOS/Source/portable/GCC/ARM_CM3_MPU/mpu_wrappers_v2_asm.c,965,-1,type,MPU_uxQueueMessagesWaiting
MPU_uxQueueSpacesAvailable,MPU_uxQueueSpacesAvailable,/home/zwz/FreeRTOS/FreeRTOS/Source/portable/GCC/ARM_CM3_MPU/mpu_wrappers_v2_asm.c,989,-1,type,MPU_uxQueueSpacesAvailable
MPU_xQueueReceive,MPU_xQueueReceive,/home/zwz/FreeRTOS/FreeRTOS/Source/portable/GCC/ARM_CM3_MPU/mpu_wrappers_v2_asm.c,1015,-1,type,MPU_xQueueReceive
MPU_xQueuePeek,MPU_xQueuePeek,/home/zwz/FreeRTOS/FreeRTOS/Source/portable/GCC/ARM_CM3_MPU/mpu_wrappers_v2_asm.c,1043,-1,type,MPU_xQueuePeek
MPU_xQueueSemaphoreTake,MPU_xQueueSemaphoreTake,/home/zwz/FreeRTOS/FreeRTOS/Source/portable/GCC/ARM_CM3_MPU/mpu_wrappers_v2_asm.c,1070,-1,type,MPU_xQueueSemaphoreTake
MPU_xQueueGetMutexHolder,MPU_xQueueGetMutexHolder,/home/zwz/FreeRTOS/FreeRTOS/Source/portable/GCC/ARM_CM3_MPU/mpu_wrappers_v2_asm.c,1097,-1,type,MPU_xQueueGetMutexHolder
MPU_xQueueTakeMutexRecursive,MPU_xQueueTakeMutexRecursive,/home/zwz/FreeRTOS/FreeRTOS/Source/portable/GCC/ARM_CM3_MPU/mpu_wrappers_v2_asm.c,1126,-1,type,MPU_xQueueTakeMutexRecursive
MPU_xQueueGiveMutexRecursive,MPU_xQueueGiveMutexRecursive,/home/zwz/FreeRTOS/FreeRTOS/Source/portable/GCC/ARM_CM3_MPU/mpu_wrappers_v2_asm.c,1155,-1,type,MPU_xQueueGiveMutexRecursive
MPU_vQueueAddToRegistry,MPU_vQueueAddToRegistry,/home/zwz/FreeRTOS/FreeRTOS/Source/portable/GCC/ARM_CM3_MPU/mpu_wrappers_v2_asm.c,1244,-1,type,MPU_vQueueAddToRegistry
MPU_vQueueUnregisterQueue,MPU_vQueueUnregisterQueue,/home/zwz/FreeRTOS/FreeRTOS/Source/portable/GCC/ARM_CM3_MPU/mpu_wrappers_v2_asm.c,1273,-1,type,MPU_vQueueUnregisterQueue
MPU_pcQueueGetName,MPU_pcQueueGetName,/home/zwz/FreeRTOS/FreeRTOS/Source/portable/GCC/ARM_CM3_MPU/mpu_wrappers_v2_asm.c,1301,-1,type,MPU_pcQueueGetName
MPU_pvTimerGetTimerID,MPU_pvTimerGetTimerID,/home/zwz/FreeRTOS/FreeRTOS/Source/portable/GCC/ARM_CM3_MPU/mpu_wrappers_v2_asm.c,1329,-1,type,MPU_pvTimerGetTimerID
MPU_vTimerSetTimerID,MPU_vTimerSetTimerID,/home/zwz/FreeRTOS/FreeRTOS/Source/portable/GCC/ARM_CM3_MPU/mpu_wrappers_v2_asm.c,1358,-1,type,MPU_vTimerSetTimerID
MPU_xTimerIsTimerActive,MPU_xTimerIsTimerActive,/home/zwz/FreeRTOS/FreeRTOS/Source/portable/GCC/ARM_CM3_MPU/mpu_wrappers_v2_asm.c,1387,-1,type,MPU_xTimerIsTimerActive
MPU_xTimerGetTimerDaemonTaskHandle,MPU_xTimerGetTimerDaemonTaskHandle,/home/zwz/FreeRTOS/FreeRTOS/Source/portable/GCC/ARM_CM3_MPU/mpu_wrappers_v2_asm.c,1415,-1,type,MPU_xTimerGetTimerDaemonTaskHandle
MPU_xTimerGenericCommandFromTaskEntry,MPU_xTimerGenericCommandFromTaskEntry,/home/zwz/FreeRTOS/FreeRTOS/Source/portable/GCC/ARM_CM3_MPU/mpu_wrappers_v2_asm.c,1443,-1,type,MPU_xTimerGenericCommandFromTaskEntry
MPU_pcTimerGetName,MPU_pcTimerGetName,/home/zwz/FreeRTOS/FreeRTOS/Source/portable/GCC/ARM_CM3_MPU/mpu_wrappers_v2_asm.c,1471,-1,type,MPU_pcTimerGetName
MPU_vTimerSetReloadMode,MPU_vTimerSetReloadMode,/home/zwz/FreeRTOS/FreeRTOS/Source/portable/GCC/ARM_CM3_MPU/mpu_wrappers_v2_asm.c,1500,-1,type,MPU_vTimerSetReloadMode
MPU_xTimerGetReloadMode,MPU_xTimerGetReloadMode,/home/zwz/FreeRTOS/FreeRTOS/Source/portable/GCC/ARM_CM3_MPU/mpu_wrappers_v2_asm.c,1529,-1,type,MPU_xTimerGetReloadMode
MPU_uxTimerGetReloadMode,MPU_uxTimerGetReloadMode,/home/zwz/FreeRTOS/FreeRTOS/Source/portable/GCC/ARM_CM3_MPU/mpu_wrappers_v2_asm.c,1557,-1,type,MPU_uxTimerGetReloadMode
MPU_xTimerGetPeriod,MPU_xTimerGetPeriod,/home/zwz/FreeRTOS/FreeRTOS/Source/portable/GCC/ARM_CM3_MPU/mpu_wrappers_v2_asm.c,1585,-1,type,MPU_xTimerGetPeriod
MPU_xTimerGetExpiryTime,MPU_xTimerGetExpiryTime,/home/zwz/FreeRTOS/FreeRTOS/Source/portable/GCC/ARM_CM3_MPU/mpu_wrappers_v2_asm.c,1613,-1,type,MPU_xTimerGetExpiryTime
MPU_xEventGroupWaitBitsEntry,MPU_xEventGroupWaitBitsEntry,/home/zwz/FreeRTOS/FreeRTOS/Source/portable/GCC/ARM_CM3_MPU/mpu_wrappers_v2_asm.c,1641,-1,type,MPU_xEventGroupWaitBitsEntry
MPU_xEventGroupClearBits,MPU_xEventGroupClearBits,/home/zwz/FreeRTOS/FreeRTOS/Source/portable/GCC/ARM_CM3_MPU/mpu_wrappers_v2_asm.c,1671,-1,type,MPU_xEventGroupClearBits
MPU_xEventGroupSetBits,MPU_xEventGroupSetBits,/home/zwz/FreeRTOS/FreeRTOS/Source/portable/GCC/ARM_CM3_MPU/mpu_wrappers_v2_asm.c,1702,-1,type,MPU_xEventGroupSetBits
MPU_xEventGroupSync,MPU_xEventGroupSync,/home/zwz/FreeRTOS/FreeRTOS/Source/portable/GCC/ARM_CM3_MPU/mpu_wrappers_v2_asm.c,1735,-1,type,MPU_xEventGroupSync
MPU_uxEventGroupGetNumber,MPU_uxEventGroupGetNumber,/home/zwz/FreeRTOS/FreeRTOS/Source/portable/GCC/ARM_CM3_MPU/mpu_wrappers_v2_asm.c,1767,-1,type,MPU_uxEventGroupGetNumber
MPU_vEventGroupSetNumber,MPU_vEventGroupSetNumber,/home/zwz/FreeRTOS/FreeRTOS/Source/portable/GCC/ARM_CM3_MPU/mpu_wrappers_v2_asm.c,1796,-1,type,MPU_vEventGroupSetNumber
MPU_xStreamBufferSend,MPU_xStreamBufferSend,/home/zwz/FreeRTOS/FreeRTOS/Source/portable/GCC/ARM_CM3_MPU/mpu_wrappers_v2_asm.c,1828,-1,type,MPU_xStreamBufferSend
MPU_xStreamBufferReceive,MPU_xStreamBufferReceive,/home/zwz/FreeRTOS/FreeRTOS/Source/portable/GCC/ARM_CM3_MPU/mpu_wrappers_v2_asm.c,1863,-1,type,MPU_xStreamBufferReceive
MPU_xStreamBufferIsFull,MPU_xStreamBufferIsFull,/home/zwz/FreeRTOS/FreeRTOS/Source/portable/GCC/ARM_CM3_MPU/mpu_wrappers_v2_asm.c,1895,-1,type,MPU_xStreamBufferIsFull
MPU_xStreamBufferIsEmpty,MPU_xStreamBufferIsEmpty,/home/zwz/FreeRTOS/FreeRTOS/Source/portable/GCC/ARM_CM3_MPU/mpu_wrappers_v2_asm.c,1924,-1,type,MPU_xStreamBufferIsEmpty
MPU_xStreamBufferSpacesAvailable,MPU_xStreamBufferSpacesAvailable,/home/zwz/FreeRTOS/FreeRTOS/Source/portable/GCC/ARM_CM3_MPU/mpu_wrappers_v2_asm.c,1953,-1,type,MPU_xStreamBufferSpacesAvailable
MPU_xStreamBufferBytesAvailable,MPU_xStreamBufferBytesAvailable,/home/zwz/FreeRTOS/FreeRTOS/Source/portable/GCC/ARM_CM3_MPU/mpu_wrappers_v2_asm.c,1982,-1,type,MPU_xStreamBufferBytesAvailable
MPU_xStreamBufferSetTriggerLevel,MPU_xStreamBufferSetTriggerLevel,/home/zwz/FreeRTOS/FreeRTOS/Source/portable/GCC/ARM_CM3_MPU/mpu_wrappers_v2_asm.c,2012,-1,type,MPU_xStreamBufferSetTriggerLevel
MPU_xStreamBufferNextMessageLengthBytes,MPU_xStreamBufferNextMessageLengthBytes,/home/zwz/FreeRTOS/FreeRTOS/Source/portable/GCC/ARM_CM3_MPU/mpu_wrappers_v2_asm.c,2042,-1,type,MPU_xStreamBufferNextMessageLengthBytes
<global>,/home/zwz/FreeRTOS/FreeRTOS/Source/portable/GCC/ARM_CM3_MPU/mpu_wrappers_v2_asm.c:<global>,/home/zwz/FreeRTOS/FreeRTOS/Source/portable/GCC/ARM_CM3_MPU/mpu_wrappers_v2_asm.c,1,-1,type,<global>
BREAKPOINT,BREAKPOINT,fuzz_harness.c,147,-1,type,BREAKPOINT
create_queue,create_queue,fuzz_harness.c,156,-1,type,create_queue
delete_queue,delete_queue,fuzz_harness.c,156,-1,type,delete_queue
test_task,test_task,fuzz_harness.c,161,-1,type,test_task
fuzz_task,fuzz_task,fuzz_harness.c,175,-1,type,fuzz_task
<global>,fuzz_harness.c:<global>,fuzz_harness.c,1,-1,type,<global>
pxPortInitialiseStack,pxPortInitialiseStack,/home/zwz/FreeRTOS/FreeRTOS/Source/portable/GCC/ARM_CM3_MPU/port.c,291,-1,type,pxPortInitialiseStack
vPortSVCHandler,vPortSVCHandler,/home/zwz/FreeRTOS/FreeRTOS/Source/portable/GCC/ARM_CM3_MPU/port.c,346,-1,type,vPortSVCHandler
vSVCHandler_C,vSVCHandler_C,/home/zwz/FreeRTOS/FreeRTOS/Source/portable/GCC/ARM_CM3_MPU/port.c,397,-1,type,vSVCHandler_C
vSystemCallEnter,vSystemCallEnter,/home/zwz/FreeRTOS/FreeRTOS/Source/portable/GCC/ARM_CM3_MPU/port.c,479,-1,type,vSystemCallEnter
vRequestSystemCallExit,vRequestSystemCallExit,/home/zwz/FreeRTOS/FreeRTOS/Source/portable/GCC/ARM_CM3_MPU/port.c,581,-1,type,vRequestSystemCallExit
vSystemCallExit,vSystemCallExit,/home/zwz/FreeRTOS/FreeRTOS/Source/portable/GCC/ARM_CM3_MPU/port.c,591,-1,type,vSystemCallExit
xPortIsTaskPrivileged,xPortIsTaskPrivileged,/home/zwz/FreeRTOS/FreeRTOS/Source/portable/GCC/ARM_CM3_MPU/port.c,674,-1,type,xPortIsTaskPrivileged
prvRestoreContextOfFirstTask,prvRestoreContextOfFirstTask,/home/zwz/FreeRTOS/FreeRTOS/Source/portable/GCC/ARM_CM3_MPU/port.c,688,-1,type,prvRestoreContextOfFirstTask
xPortStartScheduler,xPortStartScheduler,/home/zwz/FreeRTOS/FreeRTOS/Source/portable/GCC/ARM_CM3_MPU/port.c,742,-1,type,xPortStartScheduler
vPortEndScheduler,vPortEndScheduler,/home/zwz/FreeRTOS/FreeRTOS/Source/portable/GCC/ARM_CM3_MPU/port.c,905,-1,type,vPortEndScheduler
vPortEnterCritical,vPortEnterCritical,/home/zwz/FreeRTOS/FreeRTOS/Source/portable/GCC/ARM_CM3_MPU/port.c,913,-1,type,vPortEnterCritical
vPortExitCritical,vPortExitCritical,/home/zwz/FreeRTOS/FreeRTOS/Source/portable/GCC/ARM_CM3_MPU/port.c,940,-1,type,vPortExitCritical
xPortPendSVHandler,xPortPendSVHandler,/home/zwz/FreeRTOS/FreeRTOS/Source/portable/GCC/ARM_CM3_MPU/port.c,983,-1,type,xPortPendSVHandler
xPortSysTickHandler,xPortSysTickHandler,/home/zwz/FreeRTOS/FreeRTOS/Source/portable/GCC/ARM_CM3_MPU/port.c,1053,-1,type,xPortSysTickHandler
vPortSetupTimerInterrupt,vPortSetupTimerInterrupt,/home/zwz/FreeRTOS/FreeRTOS/Source/portable/GCC/ARM_CM3_MPU/port.c,1080,-1,type,vPortSetupTimerInterrupt
prvSetupMPU,prvSetupMPU,/home/zwz/FreeRTOS/FreeRTOS/Source/portable/GCC/ARM_CM3_MPU/port.c,1092,-1,type,prvSetupMPU
prvGetMPURegionSizeSetting,prvGetMPURegionSizeSetting,/home/zwz/FreeRTOS/FreeRTOS/Source/portable/GCC/ARM_CM3_MPU/port.c,1172,-1,type,prvGetMPURegionSizeSetting
xIsPrivileged,xIsPrivileged,/home/zwz/FreeRTOS/FreeRTOS/Source/portable/GCC/ARM_CM3_MPU/port.c,1196,-1,type,xIsPrivileged
vResetPrivilege,vResetPrivilege,/home/zwz/FreeRTOS/FreeRTOS/Source/portable/GCC/ARM_CM3_MPU/port.c,1211,-1,type,vResetPrivilege
vPortSwitchToUserMode,vPortSwitchToUserMode,/home/zwz/FreeRTOS/FreeRTOS/Source/portable/GCC/ARM_CM3_MPU/port.c,1224,-1,type,vPortSwitchToUserMode
vPortStoreTaskMPUSettings,vPortStoreTaskMPUSettings,/home/zwz/FreeRTOS/FreeRTOS/Source/portable/GCC/ARM_CM3_MPU/port.c,1237,-1,type,vPortStoreTaskMPUSettings
xPortIsAuthorizedToAccessBuffer,xPortIsAuthorizedToAccessBuffer,/home/zwz/FreeRTOS/FreeRTOS/Source/portable/GCC/ARM_CM3_MPU/port.c,1370,-1,type,xPortIsAuthorizedToAccessBuffer
vPortValidateInterruptPriority,vPortValidateInterruptPriority,/home/zwz/FreeRTOS/FreeRTOS/Source/portable/GCC/ARM_CM3_MPU/port.c,1423,-1,type,vPortValidateInterruptPriority
vPortGrantAccessToKernelObject,vPortGrantAccessToKernelObject,/home/zwz/FreeRTOS/FreeRTOS/Source/portable/GCC/ARM_CM3_MPU/port.c,1484,-1,type,vPortGrantAccessToKernelObject
vPortRevokeAccessToKernelObject,vPortRevokeAccessToKernelObject,/home/zwz/FreeRTOS/FreeRTOS/Source/portable/GCC/ARM_CM3_MPU/port.c,1503,-1,type,vPortRevokeAccessToKernelObject
xPortIsAuthorizedToAccessKernelObject,xPortIsAuthorizedToAccessKernelObject,/home/zwz/FreeRTOS/FreeRTOS/Source/portable/GCC/ARM_CM3_MPU/port.c,1524,-1,type,xPortIsAuthorizedToAccessKernelObject
<global>,/home/zwz/FreeRTOS/FreeRTOS/Source/portable/GCC/ARM_CM3_MPU/port.c:<global>,/home/zwz/FreeRTOS/FreeRTOS/Source/portable/GCC/ARM_CM3_MPU/port.c,1,-1,type,<global>
KernelObject,KernelObject,/home/zwz/FreeRTOS/FreeRTOS/Source/portable/Common/mpu_wrappers_v2.c,75,-1,type,"typedef struct KernelObject
    {
        OpaqueObjectHandle_t xInternalObjectHandle;
        uint32_t ulKernelObjectType;
        void * pvKernelObjectData;
    }"
KernelObject_t,KernelObject_t,/home/zwz/FreeRTOS/FreeRTOS/Source/portable/Common/mpu_wrappers_v2.c,80,-1,type,"typedef struct KernelObject
    {
        OpaqueObjectHandle_t xInternalObjectHandle;
        uint32_t ulKernelObjectType;
        void * pvKernelObjectData;
    } KernelObject_t;"
MPU_GetFreeIndexInKernelObjectPool,MPU_GetFreeIndexInKernelObjectPool,/home/zwz/FreeRTOS/FreeRTOS/Source/portable/Common/mpu_wrappers_v2.c,256,-1,type,MPU_GetFreeIndexInKernelObjectPool
MPU_SetIndexFreeInKernelObjectPool,MPU_SetIndexFreeInKernelObjectPool,/home/zwz/FreeRTOS/FreeRTOS/Source/portable/Common/mpu_wrappers_v2.c,283,-1,type,MPU_SetIndexFreeInKernelObjectPool
MPU_GetIndexForHandle,MPU_GetIndexForHandle,/home/zwz/FreeRTOS/FreeRTOS/Source/portable/Common/mpu_wrappers_v2.c,297,-1,type,MPU_GetIndexForHandle
MPU_StoreHandleAndDataAtIndex,MPU_StoreHandleAndDataAtIndex,/home/zwz/FreeRTOS/FreeRTOS/Source/portable/Common/mpu_wrappers_v2.c,318,-1,type,MPU_StoreHandleAndDataAtIndex
MPU_GetHandleAtIndex,MPU_GetHandleAtIndex,/home/zwz/FreeRTOS/FreeRTOS/Source/portable/Common/mpu_wrappers_v2.c,330,-1,type,MPU_GetHandleAtIndex
vGrantAccessToKernelObject,vGrantAccessToKernelObject,/home/zwz/FreeRTOS/FreeRTOS/Source/portable/Common/mpu_wrappers_v2.c,348,-1,type,vGrantAccessToKernelObject
vRevokeAccessToKernelObject,vRevokeAccessToKernelObject,/home/zwz/FreeRTOS/FreeRTOS/Source/portable/Common/mpu_wrappers_v2.c,383,-1,type,vRevokeAccessToKernelObject
MPU_TimerCallback,MPU_TimerCallback,/home/zwz/FreeRTOS/FreeRTOS/Source/portable/Common/mpu_wrappers_v2.c,418,-1,type,MPU_TimerCallback
MPU_xTaskDelayUntilImpl,MPU_xTaskDelayUntilImpl,/home/zwz/FreeRTOS/FreeRTOS/Source/portable/Common/mpu_wrappers_v2.c,456,-1,type,MPU_xTaskDelayUntilImpl
MPU_xTaskAbortDelayImpl,MPU_xTaskAbortDelayImpl,/home/zwz/FreeRTOS/FreeRTOS/Source/portable/Common/mpu_wrappers_v2.c,484,-1,type,MPU_xTaskAbortDelayImpl
MPU_vTaskDelayImpl,MPU_vTaskDelayImpl,/home/zwz/FreeRTOS/FreeRTOS/Source/portable/Common/mpu_wrappers_v2.c,518,-1,type,MPU_vTaskDelayImpl
MPU_uxTaskPriorityGetImpl,MPU_uxTaskPriorityGetImpl,/home/zwz/FreeRTOS/FreeRTOS/Source/portable/Common/mpu_wrappers_v2.c,530,-1,type,MPU_uxTaskPriorityGetImpl
MPU_eTaskGetStateImpl,MPU_eTaskGetStateImpl,/home/zwz/FreeRTOS/FreeRTOS/Source/portable/Common/mpu_wrappers_v2.c,571,-1,type,MPU_eTaskGetStateImpl
MPU_vTaskGetInfoImpl,MPU_vTaskGetInfoImpl,/home/zwz/FreeRTOS/FreeRTOS/Source/portable/Common/mpu_wrappers_v2.c,608,-1,type,MPU_vTaskGetInfoImpl
MPU_xTaskGetIdleTaskHandleImpl,MPU_xTaskGetIdleTaskHandleImpl,/home/zwz/FreeRTOS/FreeRTOS/Source/portable/Common/mpu_wrappers_v2.c,657,-1,type,MPU_xTaskGetIdleTaskHandleImpl
MPU_vTaskSuspendImpl,MPU_vTaskSuspendImpl,/home/zwz/FreeRTOS/FreeRTOS/Source/portable/Common/mpu_wrappers_v2.c,673,-1,type,MPU_vTaskSuspendImpl
MPU_vTaskResumeImpl,MPU_vTaskResumeImpl,/home/zwz/FreeRTOS/FreeRTOS/Source/portable/Common/mpu_wrappers_v2.c,720,-1,type,MPU_vTaskResumeImpl
MPU_xTaskGetTickCountImpl,MPU_xTaskGetTickCountImpl,/home/zwz/FreeRTOS/FreeRTOS/Source/portable/Common/mpu_wrappers_v2.c,749,-1,type,MPU_xTaskGetTickCountImpl
MPU_uxTaskGetNumberOfTasksImpl,MPU_uxTaskGetNumberOfTasksImpl,/home/zwz/FreeRTOS/FreeRTOS/Source/portable/Common/mpu_wrappers_v2.c,761,-1,type,MPU_uxTaskGetNumberOfTasksImpl
MPU_uxTaskGetSystemStateImpl,MPU_uxTaskGetSystemStateImpl,/home/zwz/FreeRTOS/FreeRTOS/Source/portable/Common/mpu_wrappers_v2.c,1057,-1,type,MPU_uxTaskGetSystemStateImpl
MPU_uxTaskGetStackHighWaterMarkImpl,MPU_uxTaskGetStackHighWaterMarkImpl,/home/zwz/FreeRTOS/FreeRTOS/Source/portable/Common/mpu_wrappers_v2.c,1097,-1,type,MPU_uxTaskGetStackHighWaterMarkImpl
MPU_uxTaskGetStackHighWaterMark2Impl,MPU_uxTaskGetStackHighWaterMark2Impl,/home/zwz/FreeRTOS/FreeRTOS/Source/portable/Common/mpu_wrappers_v2.c,1138,-1,type,MPU_uxTaskGetStackHighWaterMark2Impl
MPU_xTaskGetCurrentTaskHandleImpl,MPU_xTaskGetCurrentTaskHandleImpl,/home/zwz/FreeRTOS/FreeRTOS/Source/portable/Common/mpu_wrappers_v2.c,1179,-1,type,MPU_xTaskGetCurrentTaskHandleImpl
MPU_xTaskGetSchedulerStateImpl,MPU_xTaskGetSchedulerStateImpl,/home/zwz/FreeRTOS/FreeRTOS/Source/portable/Common/mpu_wrappers_v2.c,1207,-1,type,MPU_xTaskGetSchedulerStateImpl
MPU_vTaskSetTimeOutStateImpl,MPU_vTaskSetTimeOutStateImpl,/home/zwz/FreeRTOS/FreeRTOS/Source/portable/Common/mpu_wrappers_v2.c,1221,-1,type,MPU_vTaskSetTimeOutStateImpl
MPU_xTaskCheckForTimeOutImpl,MPU_xTaskCheckForTimeOutImpl,/home/zwz/FreeRTOS/FreeRTOS/Source/portable/Common/mpu_wrappers_v2.c,1242,-1,type,MPU_xTaskCheckForTimeOutImpl
MPU_xTaskGenericNotify,MPU_xTaskGenericNotify,/home/zwz/FreeRTOS/FreeRTOS/Source/portable/Common/mpu_wrappers_v2.c,1270,-1,type,MPU_xTaskGenericNotify
MPU_xTaskGenericNotifyImpl,MPU_xTaskGenericNotifyImpl,/home/zwz/FreeRTOS/FreeRTOS/Source/portable/Common/mpu_wrappers_v2.c,1292,-1,type,MPU_xTaskGenericNotifyImpl
MPU_xTaskGenericNotifyWait,MPU_xTaskGenericNotifyWait,/home/zwz/FreeRTOS/FreeRTOS/Source/portable/Common/mpu_wrappers_v2.c,1359,-1,type,MPU_xTaskGenericNotifyWait
MPU_xTaskGenericNotifyWaitImpl,MPU_xTaskGenericNotifyWaitImpl,/home/zwz/FreeRTOS/FreeRTOS/Source/portable/Common/mpu_wrappers_v2.c,1381,-1,type,MPU_xTaskGenericNotifyWaitImpl
MPU_ulTaskGenericNotifyTakeImpl,MPU_ulTaskGenericNotifyTakeImpl,/home/zwz/FreeRTOS/FreeRTOS/Source/portable/Common/mpu_wrappers_v2.c,1429,-1,type,MPU_ulTaskGenericNotifyTakeImpl
MPU_xTaskGenericNotifyStateClearImpl,MPU_xTaskGenericNotifyStateClearImpl,/home/zwz/FreeRTOS/FreeRTOS/Source/portable/Common/mpu_wrappers_v2.c,1451,-1,type,MPU_xTaskGenericNotifyStateClearImpl
MPU_ulTaskGenericNotifyValueClearImpl,MPU_ulTaskGenericNotifyValueClearImpl,/home/zwz/FreeRTOS/FreeRTOS/Source/portable/Common/mpu_wrappers_v2.c,1498,-1,type,MPU_ulTaskGenericNotifyValueClearImpl
MPU_xTaskCreate,MPU_xTaskCreate,/home/zwz/FreeRTOS/FreeRTOS/Source/portable/Common/mpu_wrappers_v2.c,1547,-1,type,MPU_xTaskCreate
MPU_xTaskCreateStatic,MPU_xTaskCreateStatic,/home/zwz/FreeRTOS/FreeRTOS/Source/portable/Common/mpu_wrappers_v2.c,1591,-1,type,MPU_xTaskCreateStatic
MPU_vTaskDelete,MPU_vTaskDelete,/home/zwz/FreeRTOS/FreeRTOS/Source/portable/Common/mpu_wrappers_v2.c,1639,-1,type,MPU_vTaskDelete
MPU_vTaskPrioritySet,MPU_vTaskPrioritySet,/home/zwz/FreeRTOS/FreeRTOS/Source/portable/Common/mpu_wrappers_v2.c,1679,-1,type,MPU_vTaskPrioritySet
MPU_xTaskGetHandle,MPU_xTaskGetHandle,/home/zwz/FreeRTOS/FreeRTOS/Source/portable/Common/mpu_wrappers_v2.c,1710,-1,type,MPU_xTaskGetHandle
MPU_xTaskCreateRestricted,MPU_xTaskCreateRestricted,/home/zwz/FreeRTOS/FreeRTOS/Source/portable/Common/mpu_wrappers_v2.c,1771,-1,type,MPU_xTaskCreateRestricted
MPU_xTaskCreateRestrictedStatic,MPU_xTaskCreateRestrictedStatic,/home/zwz/FreeRTOS/FreeRTOS/Source/portable/Common/mpu_wrappers_v2.c,1817,-1,type,MPU_xTaskCreateRestrictedStatic
MPU_vTaskAllocateMPURegions,MPU_vTaskAllocateMPURegions,/home/zwz/FreeRTOS/FreeRTOS/Source/portable/Common/mpu_wrappers_v2.c,1861,-1,type,MPU_vTaskAllocateMPURegions
MPU_xTaskGetStaticBuffers,MPU_xTaskGetStaticBuffers,/home/zwz/FreeRTOS/FreeRTOS/Source/portable/Common/mpu_wrappers_v2.c,1890,-1,type,MPU_xTaskGetStaticBuffers
MPU_pcTaskGetName,MPU_pcTaskGetName,/home/zwz/FreeRTOS/FreeRTOS/Source/portable/Common/mpu_wrappers_v2.c,1924,-1,type,MPU_pcTaskGetName
MPU_uxTaskPriorityGetFromISR,MPU_uxTaskPriorityGetFromISR,/home/zwz/FreeRTOS/FreeRTOS/Source/portable/Common/mpu_wrappers_v2.c,1955,-1,type,MPU_uxTaskPriorityGetFromISR
MPU_uxTaskBasePriorityGet,MPU_uxTaskBasePriorityGet,/home/zwz/FreeRTOS/FreeRTOS/Source/portable/Common/mpu_wrappers_v2.c,1988,-1,type,MPU_uxTaskBasePriorityGet
MPU_uxTaskBasePriorityGetFromISR,MPU_uxTaskBasePriorityGetFromISR,/home/zwz/FreeRTOS/FreeRTOS/Source/portable/Common/mpu_wrappers_v2.c,2021,-1,type,MPU_uxTaskBasePriorityGetFromISR
MPU_xTaskResumeFromISR,MPU_xTaskResumeFromISR,/home/zwz/FreeRTOS/FreeRTOS/Source/portable/Common/mpu_wrappers_v2.c,2054,-1,type,MPU_xTaskResumeFromISR
MPU_xTaskGenericNotifyFromISR,MPU_xTaskGenericNotifyFromISR,/home/zwz/FreeRTOS/FreeRTOS/Source/portable/Common/mpu_wrappers_v2.c,2113,-1,type,MPU_xTaskGenericNotifyFromISR
MPU_vTaskGenericNotifyGiveFromISR,MPU_vTaskGenericNotifyGiveFromISR,/home/zwz/FreeRTOS/FreeRTOS/Source/portable/Common/mpu_wrappers_v2.c,2144,-1,type,MPU_vTaskGenericNotifyGiveFromISR
MPU_xQueueGenericSendImpl,MPU_xQueueGenericSendImpl,/home/zwz/FreeRTOS/FreeRTOS/Source/portable/Common/mpu_wrappers_v2.c,2175,-1,type,MPU_xQueueGenericSendImpl
MPU_uxQueueMessagesWaitingImpl,MPU_uxQueueMessagesWaitingImpl,/home/zwz/FreeRTOS/FreeRTOS/Source/portable/Common/mpu_wrappers_v2.c,2231,-1,type,MPU_uxQueueMessagesWaitingImpl
MPU_uxQueueSpacesAvailableImpl,MPU_uxQueueSpacesAvailableImpl,/home/zwz/FreeRTOS/FreeRTOS/Source/portable/Common/mpu_wrappers_v2.c,2261,-1,type,MPU_uxQueueSpacesAvailableImpl
MPU_xQueueReceiveImpl,MPU_xQueueReceiveImpl,/home/zwz/FreeRTOS/FreeRTOS/Source/portable/Common/mpu_wrappers_v2.c,2293,-1,type,MPU_xQueueReceiveImpl
MPU_xQueuePeekImpl,MPU_xQueuePeekImpl,/home/zwz/FreeRTOS/FreeRTOS/Source/portable/Common/mpu_wrappers_v2.c,2345,-1,type,MPU_xQueuePeekImpl
MPU_xQueueSemaphoreTakeImpl,MPU_xQueueSemaphoreTakeImpl,/home/zwz/FreeRTOS/FreeRTOS/Source/portable/Common/mpu_wrappers_v2.c,2396,-1,type,MPU_xQueueSemaphoreTakeImpl
MPU_xQueueGetMutexHolderImpl,MPU_xQueueGetMutexHolderImpl,/home/zwz/FreeRTOS/FreeRTOS/Source/portable/Common/mpu_wrappers_v2.c,2439,-1,type,MPU_xQueueGetMutexHolderImpl
MPU_xQueueTakeMutexRecursiveImpl,MPU_xQueueTakeMutexRecursiveImpl,/home/zwz/FreeRTOS/FreeRTOS/Source/portable/Common/mpu_wrappers_v2.c,2486,-1,type,MPU_xQueueTakeMutexRecursiveImpl
MPU_xQueueGiveMutexRecursiveImpl,MPU_xQueueGiveMutexRecursiveImpl,/home/zwz/FreeRTOS/FreeRTOS/Source/portable/Common/mpu_wrappers_v2.c,2527,-1,type,MPU_xQueueGiveMutexRecursiveImpl
MPU_vQueueAddToRegistryImpl,MPU_vQueueAddToRegistryImpl,/home/zwz/FreeRTOS/FreeRTOS/Source/portable/Common/mpu_wrappers_v2.c,2651,-1,type,MPU_vQueueAddToRegistryImpl
MPU_vQueueUnregisterQueueImpl,MPU_vQueueUnregisterQueueImpl,/home/zwz/FreeRTOS/FreeRTOS/Source/portable/Common/mpu_wrappers_v2.c,2683,-1,type,MPU_vQueueUnregisterQueueImpl
MPU_pcQueueGetNameImpl,MPU_pcQueueGetNameImpl,/home/zwz/FreeRTOS/FreeRTOS/Source/portable/Common/mpu_wrappers_v2.c,2714,-1,type,MPU_pcQueueGetNameImpl
MPU_vQueueDelete,MPU_vQueueDelete,/home/zwz/FreeRTOS/FreeRTOS/Source/portable/Common/mpu_wrappers_v2.c,2749,-1,type,MPU_vQueueDelete
MPU_xQueueCreateMutex,MPU_xQueueCreateMutex,/home/zwz/FreeRTOS/FreeRTOS/Source/portable/Common/mpu_wrappers_v2.c,2771,-1,type,MPU_xQueueCreateMutex
MPU_xQueueCreateMutexStatic,MPU_xQueueCreateMutexStatic,/home/zwz/FreeRTOS/FreeRTOS/Source/portable/Common/mpu_wrappers_v2.c,2802,-1,type,MPU_xQueueCreateMutexStatic
MPU_xQueueCreateCountingSemaphore,MPU_xQueueCreateCountingSemaphore,/home/zwz/FreeRTOS/FreeRTOS/Source/portable/Common/mpu_wrappers_v2.c,2834,-1,type,MPU_xQueueCreateCountingSemaphore
MPU_xQueueCreateCountingSemaphoreStatic,MPU_xQueueCreateCountingSemaphoreStatic,/home/zwz/FreeRTOS/FreeRTOS/Source/portable/Common/mpu_wrappers_v2.c,2866,-1,type,MPU_xQueueCreateCountingSemaphoreStatic
MPU_xQueueGenericCreate,MPU_xQueueGenericCreate,/home/zwz/FreeRTOS/FreeRTOS/Source/portable/Common/mpu_wrappers_v2.c,2899,-1,type,MPU_xQueueGenericCreate
MPU_xQueueGenericCreateStatic,MPU_xQueueGenericCreateStatic,/home/zwz/FreeRTOS/FreeRTOS/Source/portable/Common/mpu_wrappers_v2.c,2932,-1,type,MPU_xQueueGenericCreateStatic
MPU_xQueueGenericReset,MPU_xQueueGenericReset,/home/zwz/FreeRTOS/FreeRTOS/Source/portable/Common/mpu_wrappers_v2.c,2965,-1,type,MPU_xQueueGenericReset
MPU_xQueueGenericGetStaticBuffers,MPU_xQueueGenericGetStaticBuffers,/home/zwz/FreeRTOS/FreeRTOS/Source/portable/Common/mpu_wrappers_v2.c,3085,-1,type,MPU_xQueueGenericGetStaticBuffers
MPU_xQueueGenericSendFromISR,MPU_xQueueGenericSendFromISR,/home/zwz/FreeRTOS/FreeRTOS/Source/portable/Common/mpu_wrappers_v2.c,3111,-1,type,MPU_xQueueGenericSendFromISR
MPU_xQueueGiveFromISR,MPU_xQueueGiveFromISR,/home/zwz/FreeRTOS/FreeRTOS/Source/portable/Common/mpu_wrappers_v2.c,3137,-1,type,MPU_xQueueGiveFromISR
MPU_xQueuePeekFromISR,MPU_xQueuePeekFromISR,/home/zwz/FreeRTOS/FreeRTOS/Source/portable/Common/mpu_wrappers_v2.c,3161,-1,type,MPU_xQueuePeekFromISR
MPU_xQueueReceiveFromISR,MPU_xQueueReceiveFromISR,/home/zwz/FreeRTOS/FreeRTOS/Source/portable/Common/mpu_wrappers_v2.c,3185,-1,type,MPU_xQueueReceiveFromISR
MPU_xQueueIsQueueEmptyFromISR,MPU_xQueueIsQueueEmptyFromISR,/home/zwz/FreeRTOS/FreeRTOS/Source/portable/Common/mpu_wrappers_v2.c,3210,-1,type,MPU_xQueueIsQueueEmptyFromISR
MPU_xQueueIsQueueFullFromISR,MPU_xQueueIsQueueFullFromISR,/home/zwz/FreeRTOS/FreeRTOS/Source/portable/Common/mpu_wrappers_v2.c,3232,-1,type,MPU_xQueueIsQueueFullFromISR
MPU_uxQueueMessagesWaitingFromISR,MPU_uxQueueMessagesWaitingFromISR,/home/zwz/FreeRTOS/FreeRTOS/Source/portable/Common/mpu_wrappers_v2.c,3255,-1,type,MPU_uxQueueMessagesWaitingFromISR
MPU_xQueueGetMutexHolderFromISR,MPU_xQueueGetMutexHolderFromISR,/home/zwz/FreeRTOS/FreeRTOS/Source/portable/Common/mpu_wrappers_v2.c,3280,-1,type,MPU_xQueueGetMutexHolderFromISR
MPU_pvTimerGetTimerIDImpl,MPU_pvTimerGetTimerIDImpl,/home/zwz/FreeRTOS/FreeRTOS/Source/portable/Common/mpu_wrappers_v2.c,3360,-1,type,MPU_pvTimerGetTimerIDImpl
MPU_vTimerSetTimerIDImpl,MPU_vTimerSetTimerIDImpl,/home/zwz/FreeRTOS/FreeRTOS/Source/portable/Common/mpu_wrappers_v2.c,3395,-1,type,MPU_vTimerSetTimerIDImpl
MPU_xTimerIsTimerActiveImpl,MPU_xTimerIsTimerActiveImpl,/home/zwz/FreeRTOS/FreeRTOS/Source/portable/Common/mpu_wrappers_v2.c,3427,-1,type,MPU_xTimerIsTimerActiveImpl
MPU_xTimerGetTimerDaemonTaskHandleImpl,MPU_xTimerGetTimerDaemonTaskHandleImpl,/home/zwz/FreeRTOS/FreeRTOS/Source/portable/Common/mpu_wrappers_v2.c,3461,-1,type,MPU_xTimerGetTimerDaemonTaskHandleImpl
MPU_xTimerGenericCommandFromTask,MPU_xTimerGenericCommandFromTask,/home/zwz/FreeRTOS/FreeRTOS/Source/portable/Common/mpu_wrappers_v2.c,3475,-1,type,MPU_xTimerGenericCommandFromTask
MPU_xTimerGenericCommandFromTaskImpl,MPU_xTimerGenericCommandFromTaskImpl,/home/zwz/FreeRTOS/FreeRTOS/Source/portable/Common/mpu_wrappers_v2.c,3497,-1,type,MPU_xTimerGenericCommandFromTaskImpl
MPU_pcTimerGetNameImpl,MPU_pcTimerGetNameImpl,/home/zwz/FreeRTOS/FreeRTOS/Source/portable/Common/mpu_wrappers_v2.c,3561,-1,type,MPU_pcTimerGetNameImpl
MPU_vTimerSetReloadModeImpl,MPU_vTimerSetReloadModeImpl,/home/zwz/FreeRTOS/FreeRTOS/Source/portable/Common/mpu_wrappers_v2.c,3596,-1,type,MPU_vTimerSetReloadModeImpl
MPU_xTimerGetReloadModeImpl,MPU_xTimerGetReloadModeImpl,/home/zwz/FreeRTOS/FreeRTOS/Source/portable/Common/mpu_wrappers_v2.c,3628,-1,type,MPU_xTimerGetReloadModeImpl
MPU_uxTimerGetReloadModeImpl,MPU_uxTimerGetReloadModeImpl,/home/zwz/FreeRTOS/FreeRTOS/Source/portable/Common/mpu_wrappers_v2.c,3662,-1,type,MPU_uxTimerGetReloadModeImpl
MPU_xTimerGetPeriodImpl,MPU_xTimerGetPeriodImpl,/home/zwz/FreeRTOS/FreeRTOS/Source/portable/Common/mpu_wrappers_v2.c,3696,-1,type,MPU_xTimerGetPeriodImpl
MPU_xTimerGetExpiryTimeImpl,MPU_xTimerGetExpiryTimeImpl,/home/zwz/FreeRTOS/FreeRTOS/Source/portable/Common/mpu_wrappers_v2.c,3730,-1,type,MPU_xTimerGetExpiryTimeImpl
MPU_xTimerCreate,MPU_xTimerCreate,/home/zwz/FreeRTOS/FreeRTOS/Source/portable/Common/mpu_wrappers_v2.c,3767,-1,type,MPU_xTimerCreate
MPU_xTimerCreateStatic,MPU_xTimerCreateStatic,/home/zwz/FreeRTOS/FreeRTOS/Source/portable/Common/mpu_wrappers_v2.c,3802,-1,type,MPU_xTimerCreateStatic
MPU_xTimerGetStaticBuffer,MPU_xTimerGetStaticBuffer,/home/zwz/FreeRTOS/FreeRTOS/Source/portable/Common/mpu_wrappers_v2.c,3838,-1,type,MPU_xTimerGetStaticBuffer
MPU_xTimerGenericCommandFromISR,MPU_xTimerGenericCommandFromISR,/home/zwz/FreeRTOS/FreeRTOS/Source/portable/Common/mpu_wrappers_v2.c,3865,-1,type,MPU_xTimerGenericCommandFromISR
MPU_xEventGroupWaitBits,MPU_xEventGroupWaitBits,/home/zwz/FreeRTOS/FreeRTOS/Source/portable/Common/mpu_wrappers_v2.c,3899,-1,type,MPU_xEventGroupWaitBits
MPU_xEventGroupWaitBitsImpl,MPU_xEventGroupWaitBitsImpl,/home/zwz/FreeRTOS/FreeRTOS/Source/portable/Common/mpu_wrappers_v2.c,3921,-1,type,MPU_xEventGroupWaitBitsImpl
MPU_xEventGroupClearBitsImpl,MPU_xEventGroupClearBitsImpl,/home/zwz/FreeRTOS/FreeRTOS/Source/portable/Common/mpu_wrappers_v2.c,3979,-1,type,MPU_xEventGroupClearBitsImpl
MPU_xEventGroupSetBitsImpl,MPU_xEventGroupSetBitsImpl,/home/zwz/FreeRTOS/FreeRTOS/Source/portable/Common/mpu_wrappers_v2.c,4018,-1,type,MPU_xEventGroupSetBitsImpl
MPU_xEventGroupSyncImpl,MPU_xEventGroupSyncImpl,/home/zwz/FreeRTOS/FreeRTOS/Source/portable/Common/mpu_wrappers_v2.c,4059,-1,type,MPU_xEventGroupSyncImpl
MPU_uxEventGroupGetNumberImpl,MPU_uxEventGroupGetNumberImpl,/home/zwz/FreeRTOS/FreeRTOS/Source/portable/Common/mpu_wrappers_v2.c,4104,-1,type,MPU_uxEventGroupGetNumberImpl
MPU_vEventGroupSetNumberImpl,MPU_vEventGroupSetNumberImpl,/home/zwz/FreeRTOS/FreeRTOS/Source/portable/Common/mpu_wrappers_v2.c,4139,-1,type,MPU_vEventGroupSetNumberImpl
MPU_xEventGroupCreate,MPU_xEventGroupCreate,/home/zwz/FreeRTOS/FreeRTOS/Source/portable/Common/mpu_wrappers_v2.c,4174,-1,type,MPU_xEventGroupCreate
MPU_xEventGroupCreateStatic,MPU_xEventGroupCreateStatic,/home/zwz/FreeRTOS/FreeRTOS/Source/portable/Common/mpu_wrappers_v2.c,4205,-1,type,MPU_xEventGroupCreateStatic
MPU_vEventGroupDelete,MPU_vEventGroupDelete,/home/zwz/FreeRTOS/FreeRTOS/Source/portable/Common/mpu_wrappers_v2.c,4236,-1,type,MPU_vEventGroupDelete
MPU_xEventGroupGetStaticBuffer,MPU_xEventGroupGetStaticBuffer,/home/zwz/FreeRTOS/FreeRTOS/Source/portable/Common/mpu_wrappers_v2.c,4260,-1,type,MPU_xEventGroupGetStaticBuffer
MPU_xEventGroupClearBitsFromISR,MPU_xEventGroupClearBitsFromISR,/home/zwz/FreeRTOS/FreeRTOS/Source/portable/Common/mpu_wrappers_v2.c,4287,-1,type,MPU_xEventGroupClearBitsFromISR
MPU_xEventGroupSetBitsFromISR,MPU_xEventGroupSetBitsFromISR,/home/zwz/FreeRTOS/FreeRTOS/Source/portable/Common/mpu_wrappers_v2.c,4314,-1,type,MPU_xEventGroupSetBitsFromISR
MPU_xEventGroupGetBitsFromISR,MPU_xEventGroupGetBitsFromISR,/home/zwz/FreeRTOS/FreeRTOS/Source/portable/Common/mpu_wrappers_v2.c,4342,-1,type,MPU_xEventGroupGetBitsFromISR
MPU_xStreamBufferSendImpl,MPU_xStreamBufferSendImpl,/home/zwz/FreeRTOS/FreeRTOS/Source/portable/Common/mpu_wrappers_v2.c,4377,-1,type,MPU_xStreamBufferSendImpl
MPU_xStreamBufferReceiveImpl,MPU_xStreamBufferReceiveImpl,/home/zwz/FreeRTOS/FreeRTOS/Source/portable/Common/mpu_wrappers_v2.c,4428,-1,type,MPU_xStreamBufferReceiveImpl
MPU_xStreamBufferIsFullImpl,MPU_xStreamBufferIsFullImpl,/home/zwz/FreeRTOS/FreeRTOS/Source/portable/Common/mpu_wrappers_v2.c,4476,-1,type,MPU_xStreamBufferIsFullImpl
MPU_xStreamBufferIsEmptyImpl,MPU_xStreamBufferIsEmptyImpl,/home/zwz/FreeRTOS/FreeRTOS/Source/portable/Common/mpu_wrappers_v2.c,4510,-1,type,MPU_xStreamBufferIsEmptyImpl
MPU_xStreamBufferSpacesAvailableImpl,MPU_xStreamBufferSpacesAvailableImpl,/home/zwz/FreeRTOS/FreeRTOS/Source/portable/Common/mpu_wrappers_v2.c,4544,-1,type,MPU_xStreamBufferSpacesAvailableImpl
MPU_xStreamBufferBytesAvailableImpl,MPU_xStreamBufferBytesAvailableImpl,/home/zwz/FreeRTOS/FreeRTOS/Source/portable/Common/mpu_wrappers_v2.c,4578,-1,type,MPU_xStreamBufferBytesAvailableImpl
MPU_xStreamBufferSetTriggerLevelImpl,MPU_xStreamBufferSetTriggerLevelImpl,/home/zwz/FreeRTOS/FreeRTOS/Source/portable/Common/mpu_wrappers_v2.c,4613,-1,type,MPU_xStreamBufferSetTriggerLevelImpl
MPU_xStreamBufferNextMessageLengthBytesImpl,MPU_xStreamBufferNextMessageLengthBytesImpl,/home/zwz/FreeRTOS/FreeRTOS/Source/portable/Common/mpu_wrappers_v2.c,4648,-1,type,MPU_xStreamBufferNextMessageLengthBytesImpl
MPU_xStreamBufferGenericCreate,MPU_xStreamBufferGenericCreate,/home/zwz/FreeRTOS/FreeRTOS/Source/portable/Common/mpu_wrappers_v2.c,4685,-1,type,MPU_xStreamBufferGenericCreate
MPU_xStreamBufferGenericCreateStatic,MPU_xStreamBufferGenericCreateStatic,/home/zwz/FreeRTOS/FreeRTOS/Source/portable/Common/mpu_wrappers_v2.c,4740,-1,type,MPU_xStreamBufferGenericCreateStatic
MPU_vStreamBufferDelete,MPU_vStreamBufferDelete,/home/zwz/FreeRTOS/FreeRTOS/Source/portable/Common/mpu_wrappers_v2.c,4799,-1,type,MPU_vStreamBufferDelete
MPU_xStreamBufferReset,MPU_xStreamBufferReset,/home/zwz/FreeRTOS/FreeRTOS/Source/portable/Common/mpu_wrappers_v2.c,4824,-1,type,MPU_xStreamBufferReset
MPU_xStreamBufferGetStaticBuffers,MPU_xStreamBufferGetStaticBuffers,/home/zwz/FreeRTOS/FreeRTOS/Source/portable/Common/mpu_wrappers_v2.c,4850,-1,type,MPU_xStreamBufferGetStaticBuffers
MPU_xStreamBufferSendFromISR,MPU_xStreamBufferSendFromISR,/home/zwz/FreeRTOS/FreeRTOS/Source/portable/Common/mpu_wrappers_v2.c,4878,-1,type,MPU_xStreamBufferSendFromISR
MPU_xStreamBufferReceiveFromISR,MPU_xStreamBufferReceiveFromISR,/home/zwz/FreeRTOS/FreeRTOS/Source/portable/Common/mpu_wrappers_v2.c,4907,-1,type,MPU_xStreamBufferReceiveFromISR
MPU_xStreamBufferSendCompletedFromISR,MPU_xStreamBufferSendCompletedFromISR,/home/zwz/FreeRTOS/FreeRTOS/Source/portable/Common/mpu_wrappers_v2.c,4936,-1,type,MPU_xStreamBufferSendCompletedFromISR
MPU_xStreamBufferReceiveCompletedFromISR,MPU_xStreamBufferReceiveCompletedFromISR,/home/zwz/FreeRTOS/FreeRTOS/Source/portable/Common/mpu_wrappers_v2.c,4963,-1,type,MPU_xStreamBufferReceiveCompletedFromISR
MPU_xStreamBufferResetFromISR,MPU_xStreamBufferResetFromISR,/home/zwz/FreeRTOS/FreeRTOS/Source/portable/Common/mpu_wrappers_v2.c,4991,-1,type,MPU_xStreamBufferResetFromISR
<global>,/home/zwz/FreeRTOS/FreeRTOS/Source/portable/Common/mpu_wrappers_v2.c:<global>,/home/zwz/FreeRTOS/FreeRTOS/Source/portable/Common/mpu_wrappers_v2.c,1,-1,type,<global>
OpaqueObject,OpaqueObject,/home/zwz/FreeRTOS/FreeRTOS/Source/portable/Common/mpu_wrappers_v2.c,69,-1,struct,struct OpaqueObject
OpaqueObject,OpaqueObject<duplicate>0,/home/zwz/FreeRTOS/FreeRTOS/Source/portable/Common/mpu_wrappers_v2.c,70,-1,type,typedef struct OpaqueObject
OpaqueObjectHandle_t,OpaqueObjectHandle_t,/home/zwz/FreeRTOS/FreeRTOS/Source/portable/Common/mpu_wrappers_v2.c,70,-1,type,typedef struct OpaqueObject * OpaqueObjectHandle_t;
tmrTimerControl,tmrTimerControl,/home/zwz/FreeRTOS/FreeRTOS/Source/timers.c,83,-1,type,"typedef struct tmrTimerControl                                               /* The old naming convention is used to prevent breaking kernel aware debuggers. */
    {
        const char * pcTimerName;                                                /**< Text name.  This is not used by the kernel, it is included simply to make debugging easier. */
        ListItem_t xTimerListItem;                                               /**< Standard linked list item as used by all kernel features for event management. */
        TickType_t xTimerPeriodInTicks;                                          /**< How quickly and often the timer expires. */
        void * pvTimerID;                                                        /**< An ID to identify the timer.  This allows the timer to be identified when the same callback is used for multiple timers. */
        portTIMER_CALLBACK_ATTRIBUTE TimerCallbackFunction_t pxCallbackFunction; /**< The function that will be called when the timer expires..."
xTIMER,xTIMER,/home/zwz/FreeRTOS/FreeRTOS/Source/timers.c,94,-1,type,"typedef struct tmrTimerControl                                               /* The old naming convention is used to prevent breaking kernel aware debuggers. */
    {
        const char * pcTimerName;                                                /**< Text name.  This is not used by the kernel, it is included simply to make debugging easier. */
        ListItem_t xTimerListItem;                                               /**< Standard linked list item as used by all kernel features for event management. */
        TickType_t xTimerPeriodInTicks;                                          /**< How quickly and often the timer expires. */
        void * pvTimerID;                                                        /**< An ID to identify the timer.  This allows the timer to be identified when the same callback is used for multiple timers. */
        portTIMER_CALLBACK_ATTRIBUTE TimerCallbackFunction_t pxCallbackFunction; /**< The function that will be called when the timer expires..."
tmrTimerParameters,tmrTimerParameters,/home/zwz/FreeRTOS/FreeRTOS/Source/timers.c,105,-1,type,"typedef struct tmrTimerParameters
    {
        TickType_t xMessageValue; /**< An optional value used by a subset of commands, for example, when changing the period of a timer. */
        Timer_t * pxTimer;        /**< The timer to which the command will be applied. */
    }"
TimerParameter_t,TimerParameter_t,/home/zwz/FreeRTOS/FreeRTOS/Source/timers.c,109,-1,type,"typedef struct tmrTimerParameters
    {
        TickType_t xMessageValue; /**< An optional value used by a subset of commands, for example, when changing the period of a timer. */
        Timer_t * pxTimer;        /**< The timer to which the command will be applied. */
    } TimerParameter_t;"
tmrCallbackParameters,tmrCallbackParameters,/home/zwz/FreeRTOS/FreeRTOS/Source/timers.c,112,-1,type,"typedef struct tmrCallbackParameters
    {
        portTIMER_CALLBACK_ATTRIBUTE
        PendedFunction_t pxCallbackFunction; /* << The callback function to execute. */
        void * pvParameter1;                 /* << The value that will be used as the callback functions first parameter. */
        uint32_t ulParameter2;               /* << The value that will be used as the callback functions second parameter. */
    }"
CallbackParameters_t,CallbackParameters_t,/home/zwz/FreeRTOS/FreeRTOS/Source/timers.c,118,-1,type,"typedef struct tmrCallbackParameters
    {
        portTIMER_CALLBACK_ATTRIBUTE
        PendedFunction_t pxCallbackFunction; /* << The callback function to execute. */
        void * pvParameter1;                 /* << The value that will be used as the callback functions first parameter. */
        uint32_t ulParameter2;               /* << The value that will be used as the callback functions second parameter. */
    } CallbackParameters_t;"
.u,tmrTimerQueueMessage.u,/home/zwz/FreeRTOS/FreeRTOS/Source/timers.c,125,-1,type,"union
        {
            TimerParameter_t xTimerParameters;

            /* Don't include xCallbackParameters if it is not going to be used as
             * it makes the structure (and therefore the timer queue) larger. */
            #if ( INCLUDE_xTimerPendFunctionCall == 1 )
                CallbackParameters_t xCallbackParameters;
            #endif /* INCLUDE_xTimerPendFunctionCall */
        }"
tmrTimerQueueMessage,tmrTimerQueueMessage,/home/zwz/FreeRTOS/FreeRTOS/Source/timers.c,122,-1,type,"typedef struct tmrTimerQueueMessage
    {
        BaseType_t xMessageID; /**< The command being sent to the timer service task. */
        union
        {
            TimerParameter_t xTimerParameters;

            /* Don't include xCallbackParameters if it is not going to be used as
             * it makes the structure (and therefore the timer queue) larger. */
            #if ( INCLUDE_xTimerPendFunctionCall == 1 )
                CallbackParameters_t xCallbackParameters;
            #endif /* INCLUDE_xTimerPendFunctionCall */
        } u;
    }"
DaemonTaskMessage_t,DaemonTaskMessage_t,/home/zwz/FreeRTOS/FreeRTOS/Source/timers.c,135,-1,type,"typedef struct tmrTimerQueueMessage
    {
        BaseType_t xMessageID; /**< The command being sent to the timer service task. */
        union
        {
            TimerParameter_t xTimerParameters;

            /* Don't include xCallbackParameters if it is not going to be used as
             * it makes the structure (and therefore the timer queue) larger. */
            #if ( INCLUDE_xTimerPendFunctionCall == 1 )
                CallbackParameters_t xCallbackParameters;
            #endif /* INCLUDE_xTimerPendFunctionCall */
        } u;
    } DaemonTaskMessage_t;"
xTimerCreateTimerTask,xTimerCreateTimerTask,/home/zwz/FreeRTOS/FreeRTOS/Source/timers.c,237,-1,type,xTimerCreateTimerTask
xTimerCreate,xTimerCreate,/home/zwz/FreeRTOS/FreeRTOS/Source/timers.c,336,-1,type,xTimerCreate
xTimerCreateStatic,xTimerCreateStatic,/home/zwz/FreeRTOS/FreeRTOS/Source/timers.c,370,-1,type,xTimerCreateStatic
prvInitialiseNewTimer,prvInitialiseNewTimer,/home/zwz/FreeRTOS/FreeRTOS/Source/timers.c,417,-1,type,prvInitialiseNewTimer
xTimerGenericCommandFromTask,xTimerGenericCommandFromTask,/home/zwz/FreeRTOS/FreeRTOS/Source/timers.c,448,-1,type,xTimerGenericCommandFromTask
xTimerGenericCommandFromISR,xTimerGenericCommandFromISR,/home/zwz/FreeRTOS/FreeRTOS/Source/timers.c,497,-1,type,xTimerGenericCommandFromISR
xTimerGetTimerDaemonTaskHandle,xTimerGetTimerDaemonTaskHandle,/home/zwz/FreeRTOS/FreeRTOS/Source/timers.c,539,-1,type,xTimerGetTimerDaemonTaskHandle
xTimerGetPeriod,xTimerGetPeriod,/home/zwz/FreeRTOS/FreeRTOS/Source/timers.c,553,-1,type,xTimerGetPeriod
vTimerSetReloadMode,vTimerSetReloadMode,/home/zwz/FreeRTOS/FreeRTOS/Source/timers.c,567,-1,type,vTimerSetReloadMode
xTimerGetReloadMode,xTimerGetReloadMode,/home/zwz/FreeRTOS/FreeRTOS/Source/timers.c,592,-1,type,xTimerGetReloadMode
uxTimerGetReloadMode,uxTimerGetReloadMode,/home/zwz/FreeRTOS/FreeRTOS/Source/timers.c,620,-1,type,uxTimerGetReloadMode
xTimerGetExpiryTime,xTimerGetExpiryTime,/home/zwz/FreeRTOS/FreeRTOS/Source/timers.c,634,-1,type,xTimerGetExpiryTime
xTimerGetStaticBuffer,xTimerGetStaticBuffer,/home/zwz/FreeRTOS/FreeRTOS/Source/timers.c,651,-1,type,xTimerGetStaticBuffer
pcTimerGetName,pcTimerGetName,/home/zwz/FreeRTOS/FreeRTOS/Source/timers.c,681,-1,type,pcTimerGetName
prvReloadTimer,prvReloadTimer,/home/zwz/FreeRTOS/FreeRTOS/Source/timers.c,695,-1,type,prvReloadTimer
prvProcessExpiredTimer,prvProcessExpiredTimer,/home/zwz/FreeRTOS/FreeRTOS/Source/timers.c,714,-1,type,prvProcessExpiredTimer
prvTimerTask,prvTimerTask,/home/zwz/FreeRTOS/FreeRTOS/Source/timers.c,744,-1,type,prvTimerTask
prvProcessTimerOrBlockTask,prvProcessTimerOrBlockTask,/home/zwz/FreeRTOS/FreeRTOS/Source/timers.c,778,-1,type,prvProcessTimerOrBlockTask
prvGetNextExpireTime,prvGetNextExpireTime,/home/zwz/FreeRTOS/FreeRTOS/Source/timers.c,840,-1,type,prvGetNextExpireTime
prvSampleTimeNow,prvSampleTimeNow,/home/zwz/FreeRTOS/FreeRTOS/Source/timers.c,867,-1,type,prvSampleTimeNow
prvInsertTimerInActiveList,prvInsertTimerInActiveList,/home/zwz/FreeRTOS/FreeRTOS/Source/timers.c,890,-1,type,prvInsertTimerInActiveList
prvProcessReceivedCommands,prvProcessReceivedCommands,/home/zwz/FreeRTOS/FreeRTOS/Source/timers.c,934,-1,type,prvProcessReceivedCommands
prvSwitchTimerLists,prvSwitchTimerLists,/home/zwz/FreeRTOS/FreeRTOS/Source/timers.c,1089,-1,type,prvSwitchTimerLists
prvCheckForValidListAndQueue,prvCheckForValidListAndQueue,/home/zwz/FreeRTOS/FreeRTOS/Source/timers.c,1114,-1,type,prvCheckForValidListAndQueue
xTimerIsTimerActive,xTimerIsTimerActive,/home/zwz/FreeRTOS/FreeRTOS/Source/timers.c,1165,-1,type,xTimerIsTimerActive
pvTimerGetTimerID,pvTimerGetTimerID,/home/zwz/FreeRTOS/FreeRTOS/Source/timers.c,1194,-1,type,pvTimerGetTimerID
vTimerSetTimerID,vTimerSetTimerID,/home/zwz/FreeRTOS/FreeRTOS/Source/timers.c,1215,-1,type,vTimerSetTimerID
xTimerPendFunctionCallFromISR,xTimerPendFunctionCallFromISR,/home/zwz/FreeRTOS/FreeRTOS/Source/timers.c,1236,-1,type,xTimerPendFunctionCallFromISR
xTimerPendFunctionCall,xTimerPendFunctionCall,/home/zwz/FreeRTOS/FreeRTOS/Source/timers.c,1266,-1,type,xTimerPendFunctionCall
uxTimerGetTimerNumber,uxTimerGetTimerNumber,/home/zwz/FreeRTOS/FreeRTOS/Source/timers.c,1301,-1,type,uxTimerGetTimerNumber
vTimerSetTimerNumber,vTimerSetTimerNumber,/home/zwz/FreeRTOS/FreeRTOS/Source/timers.c,1315,-1,type,vTimerSetTimerNumber
vTimerResetState,vTimerResetState,/home/zwz/FreeRTOS/FreeRTOS/Source/timers.c,1333,-1,type,vTimerResetState
<global>,/home/zwz/FreeRTOS/FreeRTOS/Source/timers.c:<global>,/home/zwz/FreeRTOS/FreeRTOS/Source/timers.c,1,-1,type,<global>
Timer_t,Timer_t,/home/zwz/FreeRTOS/FreeRTOS/Source/timers.c,98,-1,type,typedef xTIMER Timer_t;
A_BLOCK_LINK,A_BLOCK_LINK,/home/zwz/FreeRTOS/FreeRTOS/Source/portable/MemMang/heap_4.c,100,-1,type,"typedef struct A_BLOCK_LINK
{
    struct A_BLOCK_LINK * pxNextFreeBlock; /**< The next free block in the list. */
    size_t xBlockSize;                     /**< The size of the free block. */
}"
A_BLOCK_LINK,A_BLOCK_LINK.A_BLOCK_LINK,/home/zwz/FreeRTOS/FreeRTOS/Source/portable/MemMang/heap_4.c,102,-1,struct,struct A_BLOCK_LINK
BlockLink_t,BlockLink_t,/home/zwz/FreeRTOS/FreeRTOS/Source/portable/MemMang/heap_4.c,104,-1,type,"typedef struct A_BLOCK_LINK
{
    struct A_BLOCK_LINK * pxNextFreeBlock; /**< The next free block in the list. */
    size_t xBlockSize;                     /**< The size of the free block. */
} BlockLink_t;"
pvPortMalloc,pvPortMalloc,/home/zwz/FreeRTOS/FreeRTOS/Source/portable/MemMang/heap_4.c,173,-1,type,pvPortMalloc
vPortFree,vPortFree,/home/zwz/FreeRTOS/FreeRTOS/Source/portable/MemMang/heap_4.c,354,-1,type,vPortFree
xPortGetFreeHeapSize,xPortGetFreeHeapSize,/home/zwz/FreeRTOS/FreeRTOS/Source/portable/MemMang/heap_4.c,413,-1,type,xPortGetFreeHeapSize
xPortGetMinimumEverFreeHeapSize,xPortGetMinimumEverFreeHeapSize,/home/zwz/FreeRTOS/FreeRTOS/Source/portable/MemMang/heap_4.c,419,-1,type,xPortGetMinimumEverFreeHeapSize
xPortResetHeapMinimumEverFreeHeapSize,xPortResetHeapMinimumEverFreeHeapSize,/home/zwz/FreeRTOS/FreeRTOS/Source/portable/MemMang/heap_4.c,425,-1,type,xPortResetHeapMinimumEverFreeHeapSize
vPortInitialiseBlocks,vPortInitialiseBlocks,/home/zwz/FreeRTOS/FreeRTOS/Source/portable/MemMang/heap_4.c,431,-1,type,vPortInitialiseBlocks
pvPortCalloc,pvPortCalloc,/home/zwz/FreeRTOS/FreeRTOS/Source/portable/MemMang/heap_4.c,437,-1,type,pvPortCalloc
prvHeapInit,prvHeapInit,/home/zwz/FreeRTOS/FreeRTOS/Source/portable/MemMang/heap_4.c,456,-1,type,prvHeapInit
prvInsertBlockIntoFreeList,prvInsertBlockIntoFreeList,/home/zwz/FreeRTOS/FreeRTOS/Source/portable/MemMang/heap_4.c,504,-1,type,prvInsertBlockIntoFreeList
vPortGetHeapStats,vPortGetHeapStats,/home/zwz/FreeRTOS/FreeRTOS/Source/portable/MemMang/heap_4.c,572,-1,type,vPortGetHeapStats
vPortHeapResetState,vPortHeapResetState,/home/zwz/FreeRTOS/FreeRTOS/Source/portable/MemMang/heap_4.c,629,-1,type,vPortHeapResetState
<global>,/home/zwz/FreeRTOS/FreeRTOS/Source/portable/MemMang/heap_4.c:<global>,/home/zwz/FreeRTOS/FreeRTOS/Source/portable/MemMang/heap_4.c,1,-1,type,<global>
vListInitialise,vListInitialise,/home/zwz/FreeRTOS/FreeRTOS/Source/list.c,49,-1,type,vListInitialise
vListInitialiseItem,vListInitialiseItem,/home/zwz/FreeRTOS/FreeRTOS/Source/list.c,89,-1,type,vListInitialiseItem
vListInsertEnd,vListInsertEnd,/home/zwz/FreeRTOS/FreeRTOS/Source/list.c,105,-1,type,vListInsertEnd
vListInsert,vListInsert,/home/zwz/FreeRTOS/FreeRTOS/Source/list.c,139,-1,type,vListInsert
uxListRemove,uxListRemove,/home/zwz/FreeRTOS/FreeRTOS/Source/list.c,217,-1,type,uxListRemove
<global>,/home/zwz/FreeRTOS/FreeRTOS/Source/list.c:<global>,/home/zwz/FreeRTOS/FreeRTOS/Source/list.c,1,-1,type,<global>
StreamBufferDef_t,StreamBufferDef_t,/home/zwz/FreeRTOS/FreeRTOS/Source/stream_buffer.c,232,-1,type,"typedef struct StreamBufferDef_t
{
    volatile size_t xTail;                       /* Index to the next item to read within the buffer. */
    volatile size_t xHead;                       /* Index to the next item to write within the buffer. */
    size_t xLength;                              /* The length of the buffer pointed to by pucBuffer. */
    size_t xTriggerLevelBytes;                   /* The number of bytes that must be in the stream buffer before a task that is waiting for data is unblocked. */
    volatile TaskHandle_t xTaskWaitingToReceive; /* Holds the handle of a task waiting for data, or NULL if no tasks are waiting. */
    volatile TaskHandle_t xTaskWaitingToSend;    /* Holds the handle of a task waiting to send data to a message buffer that is full. */
    uint8_t * pucBuffer;                         /* Points to the buffer itself - that is - the RAM that stores the data passed through the buffer. */
    uint8_t ucFlags;

    #if ( configUSE_TRACE_FACILITY == 1 )..."
StreamBuffer_t,StreamBuffer_t,/home/zwz/FreeRTOS/FreeRTOS/Source/stream_buffer.c,252,-1,type,"typedef struct StreamBufferDef_t
{
    volatile size_t xTail;                       /* Index to the next item to read within the buffer. */
    volatile size_t xHead;                       /* Index to the next item to write within the buffer. */
    size_t xLength;                              /* The length of the buffer pointed to by pucBuffer. */
    size_t xTriggerLevelBytes;                   /* The number of bytes that must be in the stream buffer before a task that is waiting for data is unblocked. */
    volatile TaskHandle_t xTaskWaitingToReceive; /* Holds the handle of a task waiting for data, or NULL if no tasks are waiting. */
    volatile TaskHandle_t xTaskWaitingToSend;    /* Holds the handle of a task waiting to send data to a message buffer that is full. */
    uint8_t * pucBuffer;                         /* Points to the buffer itself - that is - the RAM that stores the data passed through the buffer. */
    uint8_t ucFlags;

    #if ( configUSE_TRACE_FACILITY == 1 )..."
xStreamBufferGenericCreate,xStreamBufferGenericCreate,/home/zwz/FreeRTOS/FreeRTOS/Source/stream_buffer.c,331,-1,type,xStreamBufferGenericCreate
xStreamBufferGenericCreateStatic,xStreamBufferGenericCreateStatic,/home/zwz/FreeRTOS/FreeRTOS/Source/stream_buffer.c,427,-1,type,xStreamBufferGenericCreateStatic
xStreamBufferGetStaticBuffers,xStreamBufferGetStaticBuffers,/home/zwz/FreeRTOS/FreeRTOS/Source/stream_buffer.c,523,-1,type,xStreamBufferGetStaticBuffers
vStreamBufferDelete,vStreamBufferDelete,/home/zwz/FreeRTOS/FreeRTOS/Source/stream_buffer.c,557,-1,type,vStreamBufferDelete
xStreamBufferReset,xStreamBufferReset,/home/zwz/FreeRTOS/FreeRTOS/Source/stream_buffer.c,594,-1,type,xStreamBufferReset
xStreamBufferResetFromISR,xStreamBufferResetFromISR,/home/zwz/FreeRTOS/FreeRTOS/Source/stream_buffer.c,655,-1,type,xStreamBufferResetFromISR
xStreamBufferSetTriggerLevel,xStreamBufferSetTriggerLevel,/home/zwz/FreeRTOS/FreeRTOS/Source/stream_buffer.c,720,-1,type,xStreamBufferSetTriggerLevel
xStreamBufferSpacesAvailable,xStreamBufferSpacesAvailable,/home/zwz/FreeRTOS/FreeRTOS/Source/stream_buffer.c,754,-1,type,xStreamBufferSpacesAvailable
xStreamBufferBytesAvailable,xStreamBufferBytesAvailable,/home/zwz/FreeRTOS/FreeRTOS/Source/stream_buffer.c,791,-1,type,xStreamBufferBytesAvailable
xStreamBufferSend,xStreamBufferSend,/home/zwz/FreeRTOS/FreeRTOS/Source/stream_buffer.c,808,-1,type,xStreamBufferSend
xStreamBufferSendFromISR,xStreamBufferSendFromISR,/home/zwz/FreeRTOS/FreeRTOS/Source/stream_buffer.c,943,-1,type,xStreamBufferSendFromISR
prvWriteMessageToBuffer,prvWriteMessageToBuffer,/home/zwz/FreeRTOS/FreeRTOS/Source/stream_buffer.c,1000,-1,type,prvWriteMessageToBuffer
xStreamBufferReceive,xStreamBufferReceive,/home/zwz/FreeRTOS/FreeRTOS/Source/stream_buffer.c,1053,-1,type,xStreamBufferReceive
xStreamBufferNextMessageLengthBytes,xStreamBufferNextMessageLengthBytes,/home/zwz/FreeRTOS/FreeRTOS/Source/stream_buffer.c,1169,-1,type,xStreamBufferNextMessageLengthBytes
xStreamBufferReceiveFromISR,xStreamBufferReceiveFromISR,/home/zwz/FreeRTOS/FreeRTOS/Source/stream_buffer.c,1213,-1,type,xStreamBufferReceiveFromISR
prvReadMessageFromBuffer,prvReadMessageFromBuffer,/home/zwz/FreeRTOS/FreeRTOS/Source/stream_buffer.c,1276,-1,type,prvReadMessageFromBuffer
xStreamBufferIsEmpty,xStreamBufferIsEmpty,/home/zwz/FreeRTOS/FreeRTOS/Source/stream_buffer.c,1331,-1,type,xStreamBufferIsEmpty
xStreamBufferIsFull,xStreamBufferIsFull,/home/zwz/FreeRTOS/FreeRTOS/Source/stream_buffer.c,1359,-1,type,xStreamBufferIsFull
xStreamBufferSendCompletedFromISR,xStreamBufferSendCompletedFromISR,/home/zwz/FreeRTOS/FreeRTOS/Source/stream_buffer.c,1398,-1,type,xStreamBufferSendCompletedFromISR
xStreamBufferReceiveCompletedFromISR,xStreamBufferReceiveCompletedFromISR,/home/zwz/FreeRTOS/FreeRTOS/Source/stream_buffer.c,1437,-1,type,xStreamBufferReceiveCompletedFromISR
prvWriteBytesToBuffer,prvWriteBytesToBuffer,/home/zwz/FreeRTOS/FreeRTOS/Source/stream_buffer.c,1476,-1,type,prvWriteBytesToBuffer
prvReadBytesFromBuffer,prvReadBytesFromBuffer,/home/zwz/FreeRTOS/FreeRTOS/Source/stream_buffer.c,1522,-1,type,prvReadBytesFromBuffer
prvBytesInBuffer,prvBytesInBuffer,/home/zwz/FreeRTOS/FreeRTOS/Source/stream_buffer.c,1566,-1,type,prvBytesInBuffer
prvInitialiseNewStreamBuffer,prvInitialiseNewStreamBuffer,/home/zwz/FreeRTOS/FreeRTOS/Source/stream_buffer.c,1587,-1,type,prvInitialiseNewStreamBuffer
uxStreamBufferGetStreamBufferNotificationIndex,uxStreamBufferGetStreamBufferNotificationIndex,/home/zwz/FreeRTOS/FreeRTOS/Source/stream_buffer.c,1635,-1,type,uxStreamBufferGetStreamBufferNotificationIndex
vStreamBufferSetStreamBufferNotificationIndex,vStreamBufferSetStreamBufferNotificationIndex,/home/zwz/FreeRTOS/FreeRTOS/Source/stream_buffer.c,1649,-1,type,vStreamBufferSetStreamBufferNotificationIndex
uxStreamBufferGetStreamBufferNumber,uxStreamBufferGetStreamBufferNumber,/home/zwz/FreeRTOS/FreeRTOS/Source/stream_buffer.c,1673,-1,type,uxStreamBufferGetStreamBufferNumber
vStreamBufferSetStreamBufferNumber,vStreamBufferSetStreamBufferNumber,/home/zwz/FreeRTOS/FreeRTOS/Source/stream_buffer.c,1687,-1,type,vStreamBufferSetStreamBufferNumber
ucStreamBufferGetStreamBufferType,ucStreamBufferGetStreamBufferType,/home/zwz/FreeRTOS/FreeRTOS/Source/stream_buffer.c,1702,-1,type,ucStreamBufferGetStreamBufferType
<global>,/home/zwz/FreeRTOS/FreeRTOS/Source/stream_buffer.c:<global>,/home/zwz/FreeRTOS/FreeRTOS/Source/stream_buffer.c,1,-1,type,<global>
<global>,/home/zwz/FreeRTOS/FreeRTOS/Source/portable/Common/mpu_wrappers.c:<global>,/home/zwz/FreeRTOS/FreeRTOS/Source/portable/Common/mpu_wrappers.c,1,-1,type,<global>
QueuePointers,QueuePointers,/home/zwz/FreeRTOS/FreeRTOS/Source/queue.c,68,-1,type,"typedef struct QueuePointers
{
    int8_t * pcTail;     /**< Points to the byte at the end of the queue storage area.  Once more byte is allocated than necessary to store the queue items, this is used as a marker. */
    int8_t * pcReadFrom; /**< Points to the last place that a queued item was read from when the structure is used as a queue. */
}"
QueuePointers_t,QueuePointers_t,/home/zwz/FreeRTOS/FreeRTOS/Source/queue.c,72,-1,type,"typedef struct QueuePointers
{
    int8_t * pcTail;     /**< Points to the byte at the end of the queue storage area.  Once more byte is allocated than necessary to store the queue items, this is used as a marker. */
    int8_t * pcReadFrom; /**< Points to the last place that a queued item was read from when the structure is used as a queue. */
} QueuePointers_t;"
SemaphoreData,SemaphoreData,/home/zwz/FreeRTOS/FreeRTOS/Source/queue.c,74,-1,type,"typedef struct SemaphoreData
{
    TaskHandle_t xMutexHolder;        /**< The handle of the task that holds the mutex. */
    UBaseType_t uxRecursiveCallCount; /**< Maintains a count of the number of times a recursive mutex has been recursively 'taken' when the structure is used as a mutex. */
}"
SemaphoreData_t,SemaphoreData_t,/home/zwz/FreeRTOS/FreeRTOS/Source/queue.c,78,-1,type,"typedef struct SemaphoreData
{
    TaskHandle_t xMutexHolder;        /**< The handle of the task that holds the mutex. */
    UBaseType_t uxRecursiveCallCount; /**< Maintains a count of the number of times a recursive mutex has been recursively 'taken' when the structure is used as a mutex. */
} SemaphoreData_t;"
.u,QueueDefinition.u,/home/zwz/FreeRTOS/FreeRTOS/Source/queue.c,108,-1,type,"union
    {
        QueuePointers_t xQueue;     /**< Data required exclusively when this structure is used as a queue. */
        SemaphoreData_t xSemaphore; /**< Data required exclusively when this structure is used as a semaphore. */
    }"
QueueDefinition,QueueDefinition,/home/zwz/FreeRTOS/FreeRTOS/Source/queue.c,103,-1,type,"typedef struct QueueDefinition /* The old naming convention is used to prevent breaking kernel aware debuggers. */
{
    int8_t * pcHead;           /**< Points to the beginning of the queue storage area. */
    int8_t * pcWriteTo;        /**< Points to the free next place in the storage area. */

    union
    {
        QueuePointers_t xQueue;     /**< Data required exclusively when this structure is used as a queue. */
        SemaphoreData_t xSemaphore; /**< Data required exclusively when this structure is used as a semaphore. */
    } u;

    List_t xTasksWaitingToSend;             /**< List of tasks that are blocked waiting to post onto this queue.  Stored in priority order. */
    List_t xTasksWaitingToReceive;          /**< List of tasks that are blocked waiting to read from this queue.  Stored in priority order. */

    volatile UBaseType_t uxMessagesWaiting; /**< The number of items currently in the queue. */
    UBaseType_t uxLength;                   /**< The length of the..."
xQUEUE,xQUEUE,/home/zwz/FreeRTOS/FreeRTOS/Source/queue.c,136,-1,type,"typedef struct QueueDefinition /* The old naming convention is used to prevent breaking kernel aware debuggers. */
{
    int8_t * pcHead;           /**< Points to the beginning of the queue storage area. */
    int8_t * pcWriteTo;        /**< Points to the free next place in the storage area. */

    union
    {
        QueuePointers_t xQueue;     /**< Data required exclusively when this structure is used as a queue. */
        SemaphoreData_t xSemaphore; /**< Data required exclusively when this structure is used as a semaphore. */
    } u;

    List_t xTasksWaitingToSend;             /**< List of tasks that are blocked waiting to post onto this queue.  Stored in priority order. */
    List_t xTasksWaitingToReceive;          /**< List of tasks that are blocked waiting to read from this queue.  Stored in priority order. */

    volatile UBaseType_t uxMessagesWaiting; /**< The number of items currently in the queue. */
    UBaseType_t uxLength;                   /**< The length of the..."
QUEUE_REGISTRY_ITEM,QUEUE_REGISTRY_ITEM,/home/zwz/FreeRTOS/FreeRTOS/Source/queue.c,153,-1,type,"typedef struct QUEUE_REGISTRY_ITEM
    {
        const char * pcQueueName;
        QueueHandle_t xHandle;
    }"
xQueueRegistryItem,xQueueRegistryItem,/home/zwz/FreeRTOS/FreeRTOS/Source/queue.c,157,-1,type,"typedef struct QUEUE_REGISTRY_ITEM
    {
        const char * pcQueueName;
        QueueHandle_t xHandle;
    } xQueueRegistryItem;"
xQueueGenericReset,xQueueGenericReset,/home/zwz/FreeRTOS/FreeRTOS/Source/queue.c,303,-1,type,xQueueGenericReset
xQueueGenericCreateStatic,xQueueGenericCreateStatic,/home/zwz/FreeRTOS/FreeRTOS/Source/queue.c,376,-1,type,xQueueGenericCreateStatic
xQueueGenericGetStaticBuffers,xQueueGenericGetStaticBuffers,/home/zwz/FreeRTOS/FreeRTOS/Source/queue.c,446,-1,type,xQueueGenericGetStaticBuffers
xQueueGenericCreate,xQueueGenericCreate,/home/zwz/FreeRTOS/FreeRTOS/Source/queue.c,502,-1,type,xQueueGenericCreate
prvInitialiseNewQueue,prvInitialiseNewQueue,/home/zwz/FreeRTOS/FreeRTOS/Source/queue.c,569,-1,type,prvInitialiseNewQueue
prvInitialiseMutex,prvInitialiseMutex,/home/zwz/FreeRTOS/FreeRTOS/Source/queue.c,617,-1,type,prvInitialiseMutex
xQueueCreateMutex,xQueueCreateMutex,/home/zwz/FreeRTOS/FreeRTOS/Source/queue.c,647,-1,type,xQueueCreateMutex
xQueueCreateMutexStatic,xQueueCreateMutexStatic,/home/zwz/FreeRTOS/FreeRTOS/Source/queue.c,667,-1,type,xQueueCreateMutexStatic
xQueueGetMutexHolder,xQueueGetMutexHolder,/home/zwz/FreeRTOS/FreeRTOS/Source/queue.c,692,-1,type,xQueueGetMutexHolder
xQueueGetMutexHolderFromISR,xQueueGetMutexHolderFromISR,/home/zwz/FreeRTOS/FreeRTOS/Source/queue.c,729,-1,type,xQueueGetMutexHolderFromISR
xQueueGiveMutexRecursive,xQueueGiveMutexRecursive,/home/zwz/FreeRTOS/FreeRTOS/Source/queue.c,759,-1,type,xQueueGiveMutexRecursive
xQueueTakeMutexRecursive,xQueueTakeMutexRecursive,/home/zwz/FreeRTOS/FreeRTOS/Source/queue.c,818,-1,type,xQueueTakeMutexRecursive
xQueueCreateCountingSemaphoreStatic,xQueueCreateCountingSemaphoreStatic,/home/zwz/FreeRTOS/FreeRTOS/Source/queue.c,872,-1,type,xQueueCreateCountingSemaphoreStatic
xQueueCreateCountingSemaphore,xQueueCreateCountingSemaphore,/home/zwz/FreeRTOS/FreeRTOS/Source/queue.c,912,-1,type,xQueueCreateCountingSemaphore
xQueueGenericSend,xQueueGenericSend,/home/zwz/FreeRTOS/FreeRTOS/Source/queue.c,949,-1,type,xQueueGenericSend
xQueueGenericSendFromISR,xQueueGenericSendFromISR,/home/zwz/FreeRTOS/FreeRTOS/Source/queue.c,1167,-1,type,xQueueGenericSendFromISR
xQueueGiveFromISR,xQueueGiveFromISR,/home/zwz/FreeRTOS/FreeRTOS/Source/queue.c,1339,-1,type,xQueueGiveFromISR
xQueueReceive,xQueueReceive,/home/zwz/FreeRTOS/FreeRTOS/Source/queue.c,1512,-1,type,xQueueReceive
xQueueSemaphoreTake,xQueueSemaphoreTake,/home/zwz/FreeRTOS/FreeRTOS/Source/queue.c,1662,-1,type,xQueueSemaphoreTake
xQueuePeek,xQueuePeek,/home/zwz/FreeRTOS/FreeRTOS/Source/queue.c,1887,-1,type,xQueuePeek
xQueueReceiveFromISR,xQueueReceiveFromISR,/home/zwz/FreeRTOS/FreeRTOS/Source/queue.c,2045,-1,type,xQueueReceiveFromISR
xQueuePeekFromISR,xQueuePeekFromISR,/home/zwz/FreeRTOS/FreeRTOS/Source/queue.c,2145,-1,type,xQueuePeekFromISR
uxQueueMessagesWaiting,uxQueueMessagesWaiting,/home/zwz/FreeRTOS/FreeRTOS/Source/queue.c,2207,-1,type,uxQueueMessagesWaiting
uxQueueSpacesAvailable,uxQueueSpacesAvailable,/home/zwz/FreeRTOS/FreeRTOS/Source/queue.c,2227,-1,type,uxQueueSpacesAvailable
uxQueueMessagesWaitingFromISR,uxQueueMessagesWaitingFromISR,/home/zwz/FreeRTOS/FreeRTOS/Source/queue.c,2248,-1,type,uxQueueMessagesWaitingFromISR
vQueueDelete,vQueueDelete,/home/zwz/FreeRTOS/FreeRTOS/Source/queue.c,2264,-1,type,vQueueDelete
uxQueueGetQueueNumber,uxQueueGetQueueNumber,/home/zwz/FreeRTOS/FreeRTOS/Source/queue.c,2312,-1,type,uxQueueGetQueueNumber
vQueueSetQueueNumber,vQueueSetQueueNumber,/home/zwz/FreeRTOS/FreeRTOS/Source/queue.c,2326,-1,type,vQueueSetQueueNumber
ucQueueGetQueueType,ucQueueGetQueueType,/home/zwz/FreeRTOS/FreeRTOS/Source/queue.c,2341,-1,type,ucQueueGetQueueType
uxQueueGetQueueItemSize,uxQueueGetQueueItemSize,/home/zwz/FreeRTOS/FreeRTOS/Source/queue.c,2353,-1,type,uxQueueGetQueueItemSize
uxQueueGetQueueLength,uxQueueGetQueueLength,/home/zwz/FreeRTOS/FreeRTOS/Source/queue.c,2363,-1,type,uxQueueGetQueueLength
prvGetHighestPriorityOfWaitToReceiveList,prvGetHighestPriorityOfWaitToReceiveList,/home/zwz/FreeRTOS/FreeRTOS/Source/queue.c,2375,-1,type,prvGetHighestPriorityOfWaitToReceiveList
prvCopyDataToQueue,prvCopyDataToQueue,/home/zwz/FreeRTOS/FreeRTOS/Source/queue.c,2400,-1,type,prvCopyDataToQueue
prvCopyDataFromQueue,prvCopyDataFromQueue,/home/zwz/FreeRTOS/FreeRTOS/Source/queue.c,2483,-1,type,prvCopyDataFromQueue
prvUnlockQueue,prvUnlockQueue,/home/zwz/FreeRTOS/FreeRTOS/Source/queue.c,2504,-1,type,prvUnlockQueue
prvIsQueueEmpty,prvIsQueueEmpty,/home/zwz/FreeRTOS/FreeRTOS/Source/queue.c,2624,-1,type,prvIsQueueEmpty
xQueueIsQueueEmptyFromISR,xQueueIsQueueEmptyFromISR,/home/zwz/FreeRTOS/FreeRTOS/Source/queue.c,2645,-1,type,xQueueIsQueueEmptyFromISR
prvIsQueueFull,prvIsQueueFull,/home/zwz/FreeRTOS/FreeRTOS/Source/queue.c,2669,-1,type,prvIsQueueFull
xQueueIsQueueFullFromISR,xQueueIsQueueFullFromISR,/home/zwz/FreeRTOS/FreeRTOS/Source/queue.c,2690,-1,type,xQueueIsQueueFullFromISR
vQueueAddToRegistry,vQueueAddToRegistry,/home/zwz/FreeRTOS/FreeRTOS/Source/queue.c,3019,-1,type,vQueueAddToRegistry
pcQueueGetName,pcQueueGetName,/home/zwz/FreeRTOS/FreeRTOS/Source/queue.c,3070,-1,type,pcQueueGetName
vQueueUnregisterQueue,vQueueUnregisterQueue,/home/zwz/FreeRTOS/FreeRTOS/Source/queue.c,3105,-1,type,vQueueUnregisterQueue
vQueueWaitForMessageRestricted,vQueueWaitForMessageRestricted,/home/zwz/FreeRTOS/FreeRTOS/Source/queue.c,3142,-1,type,vQueueWaitForMessageRestricted
<global>,/home/zwz/FreeRTOS/FreeRTOS/Source/queue.c:<global>,/home/zwz/FreeRTOS/FreeRTOS/Source/queue.c,1,-1,type,<global>
Queue_t,Queue_t,/home/zwz/FreeRTOS/FreeRTOS/Source/queue.c,140,-1,type,typedef xQUEUE Queue_t;
QueueRegistryItem_t,QueueRegistryItem_t,/home/zwz/FreeRTOS/FreeRTOS/Source/queue.c,162,-1,type,typedef xQueueRegistryItem QueueRegistryItem_t;
prvROAccessTask,prvROAccessTask,mpu_demo.c,86,-1,type,prvROAccessTask
prvRWAccessTask,prvRWAccessTask,mpu_demo.c,183,-1,type,prvRWAccessTask
vStartMPUDemo,vStartMPUDemo,mpu_demo.c,201,-1,type,vStartMPUDemo
vHandleMemoryFault,vHandleMemoryFault,mpu_demo.c,256,-1,type,vHandleMemoryFault
<global>,mpu_demo.c:<global>,mpu_demo.c,1,-1,type,<global>
tskTaskControlBlock,tskTaskControlBlock,/home/zwz/FreeRTOS/FreeRTOS/Source/tasks.c,374,-1,type,"typedef struct tskTaskControlBlock       /* The old naming convention is used to prevent breaking kernel aware debuggers. */
{
    volatile StackType_t * pxTopOfStack; /**< Points to the location of the last item placed on the tasks stack.  THIS MUST BE THE FIRST MEMBER OF THE TCB STRUCT. */

    #if ( portUSING_MPU_WRAPPERS == 1 )
        xMPU_SETTINGS xMPUSettings; /**< The MPU settings are defined as part of the port layer.  THIS MUST BE THE SECOND MEMBER OF THE TCB STRUCT. */
    #endif

    #if ( configUSE_CORE_AFFINITY == 1 ) && ( configNUMBER_OF_CORES > 1 )
        UBaseType_t uxCoreAffinityMask; /**< Used to link the task to certain cores.  UBaseType_t must have greater than or equal to the number of bits as configNUMBER_OF_CORES. */
    #endif

    ListItem_t xStateListItem;                  /**< The list that the state list item of a task is reference from denotes the state of that task (Ready, Blocked, Suspended ). */
    ListItem_t xEventListItem;                  /**< U..."
tskTCB,tskTCB,/home/zwz/FreeRTOS/FreeRTOS/Source/tasks.c,452,-1,type,"typedef struct tskTaskControlBlock       /* The old naming convention is used to prevent breaking kernel aware debuggers. */
{
    volatile StackType_t * pxTopOfStack; /**< Points to the location of the last item placed on the tasks stack.  THIS MUST BE THE FIRST MEMBER OF THE TCB STRUCT. */

    #if ( portUSING_MPU_WRAPPERS == 1 )
        xMPU_SETTINGS xMPUSettings; /**< The MPU settings are defined as part of the port layer.  THIS MUST BE THE SECOND MEMBER OF THE TCB STRUCT. */
    #endif

    #if ( configUSE_CORE_AFFINITY == 1 ) && ( configNUMBER_OF_CORES > 1 )
        UBaseType_t uxCoreAffinityMask; /**< Used to link the task to certain cores.  UBaseType_t must have greater than or equal to the number of bits as configNUMBER_OF_CORES. */
    #endif

    ListItem_t xStateListItem;                  /**< The list that the state list item of a task is reference from denotes the state of that task (Ready, Blocked, Suspended ). */
    ListItem_t xEventListItem;                  /**< U..."
prvCreateStaticTask,prvCreateStaticTask,/home/zwz/FreeRTOS/FreeRTOS/Source/tasks.c,1276,-1,type,prvCreateStaticTask
xTaskCreateStatic,xTaskCreateStatic,/home/zwz/FreeRTOS/FreeRTOS/Source/tasks.c,1331,-1,type,xTaskCreateStatic
prvCreateRestrictedStaticTask,prvCreateRestrictedStaticTask,/home/zwz/FreeRTOS/FreeRTOS/Source/tasks.c,1407,-1,type,prvCreateRestrictedStaticTask
xTaskCreateRestrictedStatic,xTaskCreateRestrictedStatic,/home/zwz/FreeRTOS/FreeRTOS/Source/tasks.c,1451,-1,type,xTaskCreateRestrictedStatic
prvCreateRestrictedTask,prvCreateRestrictedTask,/home/zwz/FreeRTOS/FreeRTOS/Source/tasks.c,1523,-1,type,prvCreateRestrictedTask
xTaskCreateRestricted,xTaskCreateRestricted,/home/zwz/FreeRTOS/FreeRTOS/Source/tasks.c,1571,-1,type,xTaskCreateRestricted
prvCreateTask,prvCreateTask,/home/zwz/FreeRTOS/FreeRTOS/Source/tasks.c,1642,-1,type,prvCreateTask
xTaskCreate,xTaskCreate,/home/zwz/FreeRTOS/FreeRTOS/Source/tasks.c,1740,-1,type,xTaskCreate
prvInitialiseNewTask,prvInitialiseNewTask,/home/zwz/FreeRTOS/FreeRTOS/Source/tasks.c,1815,-1,type,prvInitialiseNewTask
prvAddNewTaskToReadyList,prvAddNewTaskToReadyList,/home/zwz/FreeRTOS/FreeRTOS/Source/tasks.c,2041,-1,type,prvAddNewTaskToReadyList
vTaskDelete,vTaskDelete,/home/zwz/FreeRTOS/FreeRTOS/Source/tasks.c,2213,-1,type,vTaskDelete
xTaskDelayUntil,xTaskDelayUntil,/home/zwz/FreeRTOS/FreeRTOS/Source/tasks.c,2366,-1,type,xTaskDelayUntil
vTaskDelay,vTaskDelay,/home/zwz/FreeRTOS/FreeRTOS/Source/tasks.c,2458,-1,type,vTaskDelay
eTaskGetState,eTaskGetState,/home/zwz/FreeRTOS/FreeRTOS/Source/tasks.c,2508,-1,type,eTaskGetState
uxTaskPriorityGet,uxTaskPriorityGet,/home/zwz/FreeRTOS/FreeRTOS/Source/tasks.c,2640,-1,type,uxTaskPriorityGet
uxTaskPriorityGetFromISR,uxTaskPriorityGetFromISR,/home/zwz/FreeRTOS/FreeRTOS/Source/tasks.c,2668,-1,type,uxTaskPriorityGetFromISR
uxTaskBasePriorityGet,uxTaskBasePriorityGet,/home/zwz/FreeRTOS/FreeRTOS/Source/tasks.c,2718,-1,type,uxTaskBasePriorityGet
uxTaskBasePriorityGetFromISR,uxTaskBasePriorityGetFromISR,/home/zwz/FreeRTOS/FreeRTOS/Source/tasks.c,2746,-1,type,uxTaskBasePriorityGetFromISR
vTaskPrioritySet,vTaskPrioritySet,/home/zwz/FreeRTOS/FreeRTOS/Source/tasks.c,2796,-1,type,vTaskPrioritySet
vTaskSuspend,vTaskSuspend,/home/zwz/FreeRTOS/FreeRTOS/Source/tasks.c,3149,-1,type,vTaskSuspend
prvTaskIsTaskSuspended,prvTaskIsTaskSuspended,/home/zwz/FreeRTOS/FreeRTOS/Source/tasks.c,3312,-1,type,prvTaskIsTaskSuspended
vTaskResume,vTaskResume,/home/zwz/FreeRTOS/FreeRTOS/Source/tasks.c,3382,-1,type,vTaskResume
xTaskResumeFromISR,xTaskResumeFromISR,/home/zwz/FreeRTOS/FreeRTOS/Source/tasks.c,3443,-1,type,xTaskResumeFromISR
prvCreateIdleTasks,prvCreateIdleTasks,/home/zwz/FreeRTOS/FreeRTOS/Source/tasks.c,3540,-1,type,prvCreateIdleTasks
vTaskStartScheduler,vTaskStartScheduler,/home/zwz/FreeRTOS/FreeRTOS/Source/tasks.c,3689,-1,type,vTaskStartScheduler
vTaskEndScheduler,vTaskEndScheduler,/home/zwz/FreeRTOS/FreeRTOS/Source/tasks.c,3794,-1,type,vTaskEndScheduler
vTaskSuspendAll,vTaskSuspendAll,/home/zwz/FreeRTOS/FreeRTOS/Source/tasks.c,3837,-1,type,vTaskSuspendAll
xTaskResumeAll,xTaskResumeAll,/home/zwz/FreeRTOS/FreeRTOS/Source/tasks.c,4011,-1,type,xTaskResumeAll
xTaskGetTickCount,xTaskGetTickCount,/home/zwz/FreeRTOS/FreeRTOS/Source/tasks.c,4160,-1,type,xTaskGetTickCount
xTaskGetTickCountFromISR,xTaskGetTickCountFromISR,/home/zwz/FreeRTOS/FreeRTOS/Source/tasks.c,4179,-1,type,xTaskGetTickCountFromISR
uxTaskGetNumberOfTasks,uxTaskGetNumberOfTasks,/home/zwz/FreeRTOS/FreeRTOS/Source/tasks.c,4214,-1,type,uxTaskGetNumberOfTasks
pcTaskGetName,pcTaskGetName,/home/zwz/FreeRTOS/FreeRTOS/Source/tasks.c,4226,-1,type,pcTaskGetName
prvSearchForNameWithinSingleList,prvSearchForNameWithinSingleList,/home/zwz/FreeRTOS/FreeRTOS/Source/tasks.c,4244,-1,type,prvSearchForNameWithinSingleList
xTaskGetHandle,xTaskGetHandle,/home/zwz/FreeRTOS/FreeRTOS/Source/tasks.c,4317,-1,type,xTaskGetHandle
xTaskGetStaticBuffers,xTaskGetStaticBuffers,/home/zwz/FreeRTOS/FreeRTOS/Source/tasks.c,4385,-1,type,xTaskGetStaticBuffers
uxTaskGetSystemState,uxTaskGetSystemState,/home/zwz/FreeRTOS/FreeRTOS/Source/tasks.c,4440,-1,type,uxTaskGetSystemState
xTaskGetIdleTaskHandle,xTaskGetIdleTaskHandle,/home/zwz/FreeRTOS/FreeRTOS/Source/tasks.c,4520,-1,type,xTaskGetIdleTaskHandle
xTaskGetIdleTaskHandleForCore,xTaskGetIdleTaskHandleForCore,/home/zwz/FreeRTOS/FreeRTOS/Source/tasks.c,4534,-1,type,xTaskGetIdleTaskHandleForCore
xTaskCatchUpTicks,xTaskCatchUpTicks,/home/zwz/FreeRTOS/FreeRTOS/Source/tasks.c,4601,-1,type,xTaskCatchUpTicks
xTaskAbortDelay,xTaskAbortDelay,/home/zwz/FreeRTOS/FreeRTOS/Source/tasks.c,4631,-1,type,xTaskAbortDelay
xTaskIncrementTick,xTaskIncrementTick,/home/zwz/FreeRTOS/FreeRTOS/Source/tasks.c,4725,-1,type,xTaskIncrementTick
vTaskSwitchContext,vTaskSwitchContext,/home/zwz/FreeRTOS/FreeRTOS/Source/tasks.c,5109,-1,type,vTaskSwitchContext
vTaskPlaceOnEventList,vTaskPlaceOnEventList,/home/zwz/FreeRTOS/FreeRTOS/Source/tasks.c,5296,-1,type,vTaskPlaceOnEventList
vTaskPlaceOnUnorderedEventList,vTaskPlaceOnUnorderedEventList,/home/zwz/FreeRTOS/FreeRTOS/Source/tasks.c,5325,-1,type,vTaskPlaceOnUnorderedEventList
vTaskPlaceOnEventListRestricted,vTaskPlaceOnEventListRestricted,/home/zwz/FreeRTOS/FreeRTOS/Source/tasks.c,5357,-1,type,vTaskPlaceOnEventListRestricted
xTaskRemoveFromEventList,xTaskRemoveFromEventList,/home/zwz/FreeRTOS/FreeRTOS/Source/tasks.c,5394,-1,type,xTaskRemoveFromEventList
vTaskRemoveFromUnorderedEventList,vTaskRemoveFromUnorderedEventList,/home/zwz/FreeRTOS/FreeRTOS/Source/tasks.c,5487,-1,type,vTaskRemoveFromUnorderedEventList
vTaskSetTimeOutState,vTaskSetTimeOutState,/home/zwz/FreeRTOS/FreeRTOS/Source/tasks.c,5559,-1,type,vTaskSetTimeOutState
vTaskInternalSetTimeOutState,vTaskInternalSetTimeOutState,/home/zwz/FreeRTOS/FreeRTOS/Source/tasks.c,5575,-1,type,vTaskInternalSetTimeOutState
xTaskCheckForTimeOut,xTaskCheckForTimeOut,/home/zwz/FreeRTOS/FreeRTOS/Source/tasks.c,5587,-1,type,xTaskCheckForTimeOut
vTaskMissedYield,vTaskMissedYield,/home/zwz/FreeRTOS/FreeRTOS/Source/tasks.c,5656,-1,type,vTaskMissedYield
uxTaskGetTaskNumber,uxTaskGetTaskNumber,/home/zwz/FreeRTOS/FreeRTOS/Source/tasks.c,5669,-1,type,uxTaskGetTaskNumber
vTaskSetTaskNumber,vTaskSetTaskNumber,/home/zwz/FreeRTOS/FreeRTOS/Source/tasks.c,5696,-1,type,vTaskSetTaskNumber
prvIdleTask,prvIdleTask,/home/zwz/FreeRTOS/FreeRTOS/Source/tasks.c,5801,-1,type,prvIdleTask
vTaskAllocateMPURegions,vTaskAllocateMPURegions,/home/zwz/FreeRTOS/FreeRTOS/Source/tasks.c,6047,-1,type,vTaskAllocateMPURegions
prvInitialiseTaskLists,prvInitialiseTaskLists,/home/zwz/FreeRTOS/FreeRTOS/Source/tasks.c,6067,-1,type,prvInitialiseTaskLists
prvCheckTasksWaitingTermination,prvCheckTasksWaitingTermination,/home/zwz/FreeRTOS/FreeRTOS/Source/tasks.c,6099,-1,type,prvCheckTasksWaitingTermination
vTaskGetInfo,vTaskGetInfo,/home/zwz/FreeRTOS/FreeRTOS/Source/tasks.c,6177,-1,type,vTaskGetInfo
prvListTasksWithinSingleList,prvListTasksWithinSingleList,/home/zwz/FreeRTOS/FreeRTOS/Source/tasks.c,6325,-1,type,prvListTasksWithinSingleList
prvTaskCheckFreeStackSpace,prvTaskCheckFreeStackSpace,/home/zwz/FreeRTOS/FreeRTOS/Source/tasks.c,6364,-1,type,prvTaskCheckFreeStackSpace
uxTaskGetStackHighWaterMark2,uxTaskGetStackHighWaterMark2,/home/zwz/FreeRTOS/FreeRTOS/Source/tasks.c,6389,-1,type,uxTaskGetStackHighWaterMark2
uxTaskGetStackHighWaterMark,uxTaskGetStackHighWaterMark,/home/zwz/FreeRTOS/FreeRTOS/Source/tasks.c,6429,-1,type,uxTaskGetStackHighWaterMark
prvDeleteTCB,prvDeleteTCB,/home/zwz/FreeRTOS/FreeRTOS/Source/tasks.c,6462,-1,type,prvDeleteTCB
prvResetNextTaskUnblockTime,prvResetNextTaskUnblockTime,/home/zwz/FreeRTOS/FreeRTOS/Source/tasks.c,6515,-1,type,prvResetNextTaskUnblockTime
xTaskGetCurrentTaskHandle,xTaskGetCurrentTaskHandle,/home/zwz/FreeRTOS/FreeRTOS/Source/tasks.c,6539,-1,type,xTaskGetCurrentTaskHandle
xTaskGetCurrentTaskHandleForCore,xTaskGetCurrentTaskHandleForCore,/home/zwz/FreeRTOS/FreeRTOS/Source/tasks.c,6574,-1,type,xTaskGetCurrentTaskHandleForCore
xTaskGetSchedulerState,xTaskGetSchedulerState,/home/zwz/FreeRTOS/FreeRTOS/Source/tasks.c,6599,-1,type,xTaskGetSchedulerState
xTaskPriorityInherit,xTaskPriorityInherit,/home/zwz/FreeRTOS/FreeRTOS/Source/tasks.c,6639,-1,type,xTaskPriorityInherit
xTaskPriorityDisinherit,xTaskPriorityDisinherit,/home/zwz/FreeRTOS/FreeRTOS/Source/tasks.c,6742,-1,type,xTaskPriorityDisinherit
vTaskPriorityDisinheritAfterTimeout,vTaskPriorityDisinheritAfterTimeout,/home/zwz/FreeRTOS/FreeRTOS/Source/tasks.c,6836,-1,type,vTaskPriorityDisinheritAfterTimeout
uxTaskResetEventItemValue,uxTaskResetEventItemValue,/home/zwz/FreeRTOS/FreeRTOS/Source/tasks.c,7646,-1,type,uxTaskResetEventItemValue
pvTaskIncrementMutexHeldCount,pvTaskIncrementMutexHeldCount,/home/zwz/FreeRTOS/FreeRTOS/Source/tasks.c,7666,-1,type,pvTaskIncrementMutexHeldCount
ulTaskGenericNotifyTake,ulTaskGenericNotifyTake,/home/zwz/FreeRTOS/FreeRTOS/Source/tasks.c,7691,-1,type,ulTaskGenericNotifyTake
xTaskGenericNotifyWait,xTaskGenericNotifyWait,/home/zwz/FreeRTOS/FreeRTOS/Source/tasks.c,7793,-1,type,xTaskGenericNotifyWait
xTaskGenericNotify,xTaskGenericNotify,/home/zwz/FreeRTOS/FreeRTOS/Source/tasks.c,7907,-1,type,xTaskGenericNotify
xTaskGenericNotifyFromISR,xTaskGenericNotifyFromISR,/home/zwz/FreeRTOS/FreeRTOS/Source/tasks.c,8027,-1,type,xTaskGenericNotifyFromISR
vTaskGenericNotifyGiveFromISR,vTaskGenericNotifyGiveFromISR,/home/zwz/FreeRTOS/FreeRTOS/Source/tasks.c,8209,-1,type,vTaskGenericNotifyGiveFromISR
xTaskGenericNotifyStateClear,xTaskGenericNotifyStateClear,/home/zwz/FreeRTOS/FreeRTOS/Source/tasks.c,8341,-1,type,xTaskGenericNotifyStateClear
ulTaskGenericNotifyValueClear,ulTaskGenericNotifyValueClear,/home/zwz/FreeRTOS/FreeRTOS/Source/tasks.c,8380,-1,type,ulTaskGenericNotifyValueClear
prvAddCurrentTaskToDelayedList,prvAddCurrentTaskToDelayedList,/home/zwz/FreeRTOS/FreeRTOS/Source/tasks.c,8579,-1,type,prvAddCurrentTaskToDelayedList
xTaskGetMPUSettings,xTaskGetMPUSettings,/home/zwz/FreeRTOS/FreeRTOS/Source/tasks.c,8700,-1,type,xTaskGetMPUSettings
vTaskResetState,vTaskResetState,/home/zwz/FreeRTOS/FreeRTOS/Source/tasks.c,8810,-1,type,vTaskResetState
<global>,/home/zwz/FreeRTOS/FreeRTOS/Source/tasks.c:<global>,/home/zwz/FreeRTOS/FreeRTOS/Source/tasks.c,1,-1,type,<global>
TCB_t,TCB_t,/home/zwz/FreeRTOS/FreeRTOS/Source/tasks.c,456,-1,type,typedef tskTCB TCB_t;
main,main,main.c,40,-1,type,main
vApplicationIdleHook,vApplicationIdleHook,main.c,48,-1,type,vApplicationIdleHook
vApplicationTickHook,vApplicationTickHook,main.c,53,-1,type,vApplicationTickHook
vAssertCalled,vAssertCalled,main.c,58,-1,type,vAssertCalled
vLoggingPrintf,vLoggingPrintf,main.c,74,-1,type,vLoggingPrintf
<global>,main.c:<global>,main.c,1,-1,type,<global>
app_main,app_main,app_main.c,43,-1,type,app_main
vApplicationStackOverflowHook,vApplicationStackOverflowHook,app_main.c,62,-1,type,vApplicationStackOverflowHook
vApplicationMallocFailedHook,vApplicationMallocFailedHook,app_main.c,77,-1,type,vApplicationMallocFailedHook
vApplicationGetIdleTaskMemory,vApplicationGetIdleTaskMemory,app_main.c,93,-1,type,vApplicationGetIdleTaskMemory
vApplicationGetTimerTaskMemory,vApplicationGetTimerTaskMemory,app_main.c,120,-1,type,vApplicationGetTimerTaskMemory
<global>,app_main.c:<global>,app_main.c,1,-1,type,<global>
UART_t,UART_t,syscall.c,32,-1,type,"typedef struct UART_t
{
    volatile uint32_t DATA;
    volatile uint32_t STATE;
    volatile uint32_t CTRL;
    volatile uint32_t INTSTATUS;
    volatile uint32_t BAUDDIV;
}"
UART_t,UART_t<duplicate>0,syscall.c,39,-1,type,"typedef struct UART_t
{
    volatile uint32_t DATA;
    volatile uint32_t STATE;
    volatile uint32_t CTRL;
    volatile uint32_t INTSTATUS;
    volatile uint32_t BAUDDIV;
} UART_t;"
uart_init,uart_init,syscall.c,51,-1,type,uart_init
_fstat,_fstat,syscall.c,93,-1,type,_fstat
_read,_read,syscall.c,104,-1,type,_read
_write,_write,syscall.c,122,-1,type,_write
_sbrk,_sbrk,syscall.c,144,-1,type,_sbrk
_close,_close,syscall.c,158,-1,type,_close
_lseek,_lseek,syscall.c,163,-1,type,_lseek
_isatty,_isatty,syscall.c,174,-1,type,_isatty
_exit,_exit,syscall.c,179,-1,type,_exit
_kill,_kill,syscall.c,196,-1,type,_kill
_getpid,_getpid,syscall.c,203,-1,type,_getpid
<global>,syscall.c:<global>,syscall.c,1,-1,type,<global>
ANY,ANY,<includes>,-1,-1,type,ANY
A_BLOCK_LINK*,A_BLOCK_LINK*,<includes>,-1,-1,type,A_BLOCK_LINK*
BaseType_t,BaseType_t,<includes>,-1,-1,type,BaseType_t
BaseType_t*,BaseType_t*,<includes>,-1,-1,type,BaseType_t*
BlockLink_t*,BlockLink_t*,<includes>,-1,-1,type,BlockLink_t*
CallbackParameters_t*,CallbackParameters_t*,<includes>,-1,-1,type,CallbackParameters_t*
EventBits_t,EventBits_t,<includes>,-1,-1,type,EventBits_t
EventGroupDef_t*,EventGroupDef_t*,<includes>,-1,-1,type,EventGroupDef_t*
EventGroupHandle_t,EventGroupHandle_t,<includes>,-1,-1,type,EventGroupHandle_t
EventGroup_t*,EventGroup_t*,<includes>,-1,-1,type,EventGroup_t*
HeapStats_t*,HeapStats_t*,<includes>,-1,-1,type,HeapStats_t*
KernelObject_t[(150)],KernelObject_t[(150)],<includes>,-1,-1,type,KernelObject_t[(150)]
ListItem_t,ListItem_t,<includes>,-1,-1,type,ListItem_t
ListItem_t*,ListItem_t*,<includes>,-1,-1,type,ListItem_t*
List_t,List_t,<includes>,-1,-1,type,List_t
List_t*,List_t*,<includes>,-1,-1,type,List_t*
List_t[(10)],List_t[(10)],<includes>,-1,-1,type,List_t[(10)]
MPU_SETTINGS*,MPU_SETTINGS*,<includes>,-1,-1,type,MPU_SETTINGS*
MemoryRegion_t*,MemoryRegion_t*,<includes>,-1,-1,type,MemoryRegion_t*
OpaqueObject*,OpaqueObject*,<includes>,-1,-1,type,OpaqueObject*
PendedFunction_t,PendedFunction_t,<includes>,-1,-1,type,PendedFunction_t
QueueDefinition*,QueueDefinition*,<includes>,-1,-1,type,QueueDefinition*
QueueHandle_t,QueueHandle_t,<includes>,-1,-1,type,QueueHandle_t
QueueRegistryItem_t*,QueueRegistryItem_t*,<includes>,-1,-1,type,QueueRegistryItem_t*
QueueRegistryItem_t[20],QueueRegistryItem_t[20],<includes>,-1,-1,type,QueueRegistryItem_t[20]
Queue_t*,Queue_t*,<includes>,-1,-1,type,Queue_t*
StackType_t,StackType_t,<includes>,-1,-1,type,StackType_t
StackType_t*,StackType_t*,<includes>,-1,-1,type,StackType_t*
StackType_t**,StackType_t**,<includes>,-1,-1,type,StackType_t**
StackType_t[256],StackType_t[256],<includes>,-1,-1,type,StackType_t[256]
StaticEventGroup_t,StaticEventGroup_t,<includes>,-1,-1,type,StaticEventGroup_t
StaticEventGroup_t*,StaticEventGroup_t*,<includes>,-1,-1,type,StaticEventGroup_t*
StaticEventGroup_t**,StaticEventGroup_t**,<includes>,-1,-1,type,StaticEventGroup_t**
StaticQueue_t,StaticQueue_t,<includes>,-1,-1,type,StaticQueue_t
StaticQueue_t*,StaticQueue_t*,<includes>,-1,-1,type,StaticQueue_t*
StaticQueue_t**,StaticQueue_t**,<includes>,-1,-1,type,StaticQueue_t**
StaticStreamBuffer_t,StaticStreamBuffer_t,<includes>,-1,-1,type,StaticStreamBuffer_t
StaticStreamBuffer_t*,StaticStreamBuffer_t*,<includes>,-1,-1,type,StaticStreamBuffer_t*
StaticStreamBuffer_t**,StaticStreamBuffer_t**,<includes>,-1,-1,type,StaticStreamBuffer_t**
StaticTask_t,StaticTask_t,<includes>,-1,-1,type,StaticTask_t
StaticTask_t*,StaticTask_t*,<includes>,-1,-1,type,StaticTask_t*
StaticTask_t**,StaticTask_t**,<includes>,-1,-1,type,StaticTask_t**
StaticTimer_t,StaticTimer_t,<includes>,-1,-1,type,StaticTimer_t
StaticTimer_t*,StaticTimer_t*,<includes>,-1,-1,type,StaticTimer_t*
StaticTimer_t**,StaticTimer_t**,<includes>,-1,-1,type,StaticTimer_t**
StreamBufferCallbackFunction_t,StreamBufferCallbackFunction_t,<includes>,-1,-1,type,StreamBufferCallbackFunction_t
StreamBufferDef_t*,StreamBufferDef_t*,<includes>,-1,-1,type,StreamBufferDef_t*
StreamBufferHandle_t,StreamBufferHandle_t,<includes>,-1,-1,type,StreamBufferHandle_t
StreamBuffer_t*,StreamBuffer_t*,<includes>,-1,-1,type,StreamBuffer_t*
TCB_t*,TCB_t*,<includes>,-1,-1,type,TCB_t*
TaskFunction_t,TaskFunction_t,<includes>,-1,-1,type,TaskFunction_t
TaskHandle_t,TaskHandle_t,<includes>,-1,-1,type,TaskHandle_t
TaskHandle_t*,TaskHandle_t*,<includes>,-1,-1,type,TaskHandle_t*
TaskHandle_t[1],TaskHandle_t[1],<includes>,-1,-1,type,TaskHandle_t[1]
TaskParameters_t,TaskParameters_t,<includes>,-1,-1,type,TaskParameters_t
TaskParameters_t*,TaskParameters_t*,<includes>,-1,-1,type,TaskParameters_t*
TaskStatus_t,TaskStatus_t,<includes>,-1,-1,type,TaskStatus_t
TaskStatus_t*,TaskStatus_t*,<includes>,-1,-1,type,TaskStatus_t*
TickType_t,TickType_t,<includes>,-1,-1,type,TickType_t
TickType_t*,TickType_t*,<includes>,-1,-1,type,TickType_t*
TimeOut_t,TimeOut_t,<includes>,-1,-1,type,TimeOut_t
TimeOut_t*,TimeOut_t*,<includes>,-1,-1,type,TimeOut_t*
TimerCallbackFunction_t,TimerCallbackFunction_t,<includes>,-1,-1,type,TimerCallbackFunction_t
TimerHandle_t,TimerHandle_t,<includes>,-1,-1,type,TimerHandle_t
Timer_t*,Timer_t*,<includes>,-1,-1,type,Timer_t*
UART_t*,UART_t*,<includes>,-1,-1,type,UART_t*
UBaseType_t,UBaseType_t,<includes>,-1,-1,type,UBaseType_t
UBaseType_t[70],UBaseType_t[70],<includes>,-1,-1,type,UBaseType_t[70]
char,char,<includes>,-1,-1,type,char
char*,char*,<includes>,-1,-1,type,char*
char[(10)],char[(10)],<includes>,-1,-1,type,char[(10)]
char[],char[],<includes>,-1,-1,type,char[]
eNotifyAction,eNotifyAction,<includes>,-1,-1,type,eNotifyAction
eTaskState,eTaskState,<includes>,-1,-1,type,eTaskState
int,int,<includes>,-1,-1,type,int
int32_t,int32_t,<includes>,-1,-1,type,int32_t
int8_t,int8_t,<includes>,-1,-1,type,int8_t
int8_t*,int8_t*,<includes>,-1,-1,type,int8_t*
longint,longint,<includes>,-1,-1,type,longint
longunsigned,longunsigned,<includes>,-1,-1,type,longunsigned
pid_t,pid_t,<includes>,-1,-1,type,pid_t
portISR_t,portISR_t,<includes>,-1,-1,type,portISR_t
portISR_t*,portISR_t*,<includes>,-1,-1,type,portISR_t*
pxNextFreeBlock,pxNextFreeBlock,<includes>,-1,-1,type,pxNextFreeBlock
shortunsigned,shortunsigned,<includes>,-1,-1,type,shortunsigned
size_t,size_t,<includes>,-1,-1,type,size_t
tmrTimerControl*,tmrTimerControl*,<includes>,-1,-1,type,tmrTimerControl*
tskTaskControlBlock*,tskTaskControlBlock*,<includes>,-1,-1,type,tskTaskControlBlock*
u,u,<includes>,-1,-1,type,u
uint16_t,uint16_t,<includes>,-1,-1,type,uint16_t
uint32_t,uint32_t,<includes>,-1,-1,type,uint32_t
uint32_t*,uint32_t*,<includes>,-1,-1,type,uint32_t*
uint32_t*const[],uint32_t*const[],<includes>,-1,-1,type,uint32_t*const[]
uint32_t[],uint32_t[],<includes>,-1,-1,type,uint32_t[]
uint64_t,uint64_t,<includes>,-1,-1,type,uint64_t
uint8_t,uint8_t,<includes>,-1,-1,type,uint8_t
uint8_t*,uint8_t*,<includes>,-1,-1,type,uint8_t*
uint8_t**,uint8_t**,<includes>,-1,-1,type,uint8_t**
uint8_t[32],uint8_t[32],<includes>,-1,-1,type,uint8_t[32]
uint8_t[],uint8_t[],<includes>,-1,-1,type,uint8_t[]
union,union,<includes>,-1,-1,type,union
unsigned char[128],unsigned char[128],<includes>,-1,-1,type,unsigned char[128]
unsigned int,unsigned int,<includes>,-1,-1,type,unsigned int
unsigned longint,unsigned longint,<includes>,-1,-1,type,unsigned longint
va_list,va_list,<includes>,-1,-1,type,va_list
void,void,<includes>,-1,-1,type,void
void*,void*,<includes>,-1,-1,type,void*
volatile,volatile,<includes>,-1,-1,type,volatile
volatile BaseType_t,volatile BaseType_t,<includes>,-1,-1,type,volatile BaseType_t
volatile BaseType_t[1],volatile BaseType_t[1],<includes>,-1,-1,type,volatile BaseType_t[1]
volatile StackType_t*,volatile StackType_t*,<includes>,-1,-1,type,volatile StackType_t*
volatile TaskHandle_t,volatile TaskHandle_t,<includes>,-1,-1,type,volatile TaskHandle_t
volatile TickType_t,volatile TickType_t,<includes>,-1,-1,type,volatile TickType_t
volatile UBaseType_t,volatile UBaseType_t,<includes>,-1,-1,type,volatile UBaseType_t
volatile int,volatile int,<includes>,-1,-1,type,volatile int
volatile int8_t,volatile int8_t,<includes>,-1,-1,type,volatile int8_t
volatile longunsigned,volatile longunsigned,<includes>,-1,-1,type,volatile longunsigned
volatile size_t,volatile size_t,<includes>,-1,-1,type,volatile size_t
volatile uint32_t,volatile uint32_t,<includes>,-1,-1,type,volatile uint32_t
volatile uint32_t[1],volatile uint32_t[1],<includes>,-1,-1,type,volatile uint32_t[1]
volatile uint8_t,volatile uint8_t,<includes>,-1,-1,type,volatile uint8_t
volatile uint8_t*,volatile uint8_t*,<includes>,-1,-1,type,volatile uint8_t*
volatile uint8_t[1],volatile uint8_t[1],<includes>,-1,-1,type,volatile uint8_t[1]
volatile uint8_t[32],volatile uint8_t[32],<includes>,-1,-1,type,volatile uint8_t[32]
xEventGroupWaitBitsParams_t,xEventGroupWaitBitsParams_t,<includes>,-1,-1,type,xEventGroupWaitBitsParams_t
xEventGroupWaitBitsParams_t*,xEventGroupWaitBitsParams_t*,<includes>,-1,-1,type,xEventGroupWaitBitsParams_t*
xMEMORY_REGION*,xMEMORY_REGION*,<includes>,-1,-1,type,xMEMORY_REGION*
xMPU_SETTINGS,xMPU_SETTINGS,<includes>,-1,-1,type,xMPU_SETTINGS
xMPU_SETTINGS*,xMPU_SETTINGS*,<includes>,-1,-1,type,xMPU_SETTINGS*
xTaskGenericNotifyParams_t,xTaskGenericNotifyParams_t,<includes>,-1,-1,type,xTaskGenericNotifyParams_t
xTaskGenericNotifyParams_t*,xTaskGenericNotifyParams_t*,<includes>,-1,-1,type,xTaskGenericNotifyParams_t*
xTaskGenericNotifyWaitParams_t,xTaskGenericNotifyWaitParams_t,<includes>,-1,-1,type,xTaskGenericNotifyWaitParams_t
xTaskGenericNotifyWaitParams_t*,xTaskGenericNotifyWaitParams_t*,<includes>,-1,-1,type,xTaskGenericNotifyWaitParams_t*
xTimerGenericCommandFromTaskParams_t,xTimerGenericCommandFromTaskParams_t,<includes>,-1,-1,type,xTimerGenericCommandFromTaskParams_t
xTimerGenericCommandFromTaskParams_t*,xTimerGenericCommandFromTaskParams_t*,<includes>,-1,-1,type,xTimerGenericCommandFromTaskParams_t*
