function_name,parameter_name,parameter_type,parameter_order
xEventGroupCreateStatic,pxEventGroupBuffer,StaticEventGroup_t*,1
xEventGroupCreate,,void,1
xEventGroupSync,xEventGroup,EventGroupHandle_t,1
xEventGroupSync,uxBitsToSet,EventBits_t,2
xEventGroupSync,uxBitsToWaitFor,EventBits_t,3
xEventGroupSync,xTicksToWait,TickType_t,4
xEventGroupWaitBits,xEventGroup,EventGroupHandle_t,1
xEventGroupWaitBits,uxBitsToWaitFor,EventBits_t,2
xEventGroupWaitBits,xClearOnExit,BaseType_t,3
xEventGroupWaitBits,xWaitForAllBits,BaseType_t,4
xEventGroupWaitBits,xTicksToWait,TickType_t,5
xEventGroupClearBits,xEventGroup,EventGroupHandle_t,1
xEventGroupClearBits,uxBitsToClear,EventBits_t,2
xEventGroupClearBitsFromISR,xEventGroup,EventGroupHandle_t,1
xEventGroupClearBitsFromISR,uxBitsToClear,EventBits_t,2
xEventGroupGetBitsFromISR,xEventGroup,EventGroupHandle_t,1
xEventGroupSetBits,xEventGroup,EventGroupHandle_t,1
xEventGroupSetBits,uxBitsToSet,EventBits_t,2
vEventGroupDelete,xEventGroup,EventGroupHandle_t,1
xEventGroupGetStaticBuffer,xEventGroup,EventGroupHandle_t,1
xEventGroupGetStaticBuffer,ppxEventGroupBuffer,StaticEventGroup_t**,2
vEventGroupSetBitsCallback,pvEventGroup,void*,1
vEventGroupSetBitsCallback,ulBitsToSet,uint32_t,2
vEventGroupClearBitsCallback,pvEventGroup,void*,1
vEventGroupClearBitsCallback,ulBitsToClear,uint32_t,2
prvTestWaitCondition,uxCurrentEventBits,EventBits_t,1
prvTestWaitCondition,uxBitsToWaitFor,EventBits_t,2
prvTestWaitCondition,xWaitForAllBits,BaseType_t,3
xEventGroupSetBitsFromISR,xEventGroup,EventGroupHandle_t,1
xEventGroupSetBitsFromISR,uxBitsToSet,EventBits_t,2
xEventGroupSetBitsFromISR,pxHigherPriorityTaskWoken,BaseType_t*,3
uxEventGroupGetNumber,xEventGroup,void*,1
vEventGroupSetNumber,xEventGroup,void*,1
vEventGroupSetNumber,uxEventGroupNumber,UBaseType_t,2
Reset_Handler,,void,1
prvGetRegistersFromStack,pulFaultStackAddress,uint32_t*,1
Default_Handler,,void,1
HardFault_Handler,,void,1
MemMang_Handler,,void,1
BusFault_Handler,,void,1
UsageFault_Handler,,void,1
Debug_Handler,,void,1
_start,,void,1
exit,status,int,1
MPU_xTaskDelayUntil,pxPreviousWakeTime,TickType_t*,1
MPU_xTaskDelayUntil,xTimeIncrement,TickType_t,2
MPU_xTaskAbortDelay,xTask,TaskHandle_t,1
MPU_vTaskDelay,xTicksToDelay,TickType_t,1
MPU_uxTaskPriorityGet,xTask,TaskHandle_t,1
MPU_eTaskGetState,xTask,TaskHandle_t,1
MPU_vTaskGetInfo,xTask,TaskHandle_t,1
MPU_vTaskGetInfo,pxTaskStatus,TaskStatus_t*,2
MPU_vTaskGetInfo,xGetFreeStackSpace,BaseType_t,3
MPU_vTaskGetInfo,eState,eTaskState,4
MPU_xTaskGetIdleTaskHandle,,void,1
MPU_vTaskSuspend,xTaskToSuspend,TaskHandle_t,1
MPU_vTaskResume,xTaskToResume,TaskHandle_t,1
MPU_xTaskGetTickCount,,void,1
MPU_uxTaskGetNumberOfTasks,,void,1
MPU_uxTaskGetSystemState,pxTaskStatusArray,TaskStatus_t*,1
MPU_uxTaskGetSystemState,uxArraySize,UBaseType_t,2
MPU_uxTaskGetSystemState,pulTotalRunTime,uint32_t*,3
MPU_uxTaskGetStackHighWaterMark,xTask,TaskHandle_t,1
MPU_uxTaskGetStackHighWaterMark2,xTask,TaskHandle_t,1
MPU_xTaskGetCurrentTaskHandle,,void,1
MPU_xTaskGetSchedulerState,,void,1
MPU_vTaskSetTimeOutState,pxTimeOut,TimeOut_t*,1
MPU_xTaskCheckForTimeOut,pxTimeOut,TimeOut_t*,1
MPU_xTaskCheckForTimeOut,pxTicksToWait,TickType_t*,2
MPU_xTaskGenericNotifyEntry,pxParams,xTaskGenericNotifyParams_t*,1
MPU_xTaskGenericNotifyWaitEntry,pxParams,xTaskGenericNotifyWaitParams_t*,1
MPU_ulTaskGenericNotifyTake,uxIndexToWaitOn,UBaseType_t,1
MPU_ulTaskGenericNotifyTake,xClearCountOnExit,BaseType_t,2
MPU_ulTaskGenericNotifyTake,xTicksToWait,TickType_t,3
MPU_xTaskGenericNotifyStateClear,xTask,TaskHandle_t,1
MPU_xTaskGenericNotifyStateClear,uxIndexToClear,UBaseType_t,2
MPU_ulTaskGenericNotifyValueClear,xTask,TaskHandle_t,1
MPU_ulTaskGenericNotifyValueClear,uxIndexToClear,UBaseType_t,2
MPU_ulTaskGenericNotifyValueClear,ulBitsToClear,uint32_t,3
MPU_xQueueGenericSend,xQueue,QueueHandle_t,1
MPU_xQueueGenericSend,pvItemToQueue,void*,2
MPU_xQueueGenericSend,xTicksToWait,TickType_t,3
MPU_xQueueGenericSend,xCopyPosition,BaseType_t,4
MPU_uxQueueMessagesWaiting,xQueue,QueueHandle_t,1
MPU_uxQueueSpacesAvailable,xQueue,QueueHandle_t,1
MPU_xQueueReceive,xQueue,QueueHandle_t,1
MPU_xQueueReceive,pvBuffer,void*,2
MPU_xQueueReceive,xTicksToWait,TickType_t,3
MPU_xQueuePeek,xQueue,QueueHandle_t,1
MPU_xQueuePeek,pvBuffer,void*,2
MPU_xQueuePeek,xTicksToWait,TickType_t,3
MPU_xQueueSemaphoreTake,xQueue,QueueHandle_t,1
MPU_xQueueSemaphoreTake,xTicksToWait,TickType_t,2
MPU_xQueueGetMutexHolder,xSemaphore,QueueHandle_t,1
MPU_xQueueTakeMutexRecursive,xMutex,QueueHandle_t,1
MPU_xQueueTakeMutexRecursive,xTicksToWait,TickType_t,2
MPU_xQueueGiveMutexRecursive,pxMutex,QueueHandle_t,1
MPU_vQueueAddToRegistry,xQueue,QueueHandle_t,1
MPU_vQueueAddToRegistry,pcName,char*,2
MPU_vQueueUnregisterQueue,xQueue,QueueHandle_t,1
MPU_pcQueueGetName,xQueue,QueueHandle_t,1
MPU_pvTimerGetTimerID,xTimer,TimerHandle_t,1
MPU_vTimerSetTimerID,xTimer,TimerHandle_t,1
MPU_vTimerSetTimerID,pvNewID,void*,2
MPU_xTimerIsTimerActive,xTimer,TimerHandle_t,1
MPU_xTimerGetTimerDaemonTaskHandle,,void,1
MPU_xTimerGenericCommandFromTaskEntry,pxParams,xTimerGenericCommandFromTaskParams_t*,1
MPU_pcTimerGetName,xTimer,TimerHandle_t,1
MPU_vTimerSetReloadMode,xTimer,TimerHandle_t,1
MPU_vTimerSetReloadMode,xAutoReload,BaseType_t,2
MPU_xTimerGetReloadMode,xTimer,TimerHandle_t,1
MPU_uxTimerGetReloadMode,xTimer,TimerHandle_t,1
MPU_xTimerGetPeriod,xTimer,TimerHandle_t,1
MPU_xTimerGetExpiryTime,xTimer,TimerHandle_t,1
MPU_xEventGroupWaitBitsEntry,pxParams,xEventGroupWaitBitsParams_t*,1
MPU_xEventGroupClearBits,xEventGroup,EventGroupHandle_t,1
MPU_xEventGroupClearBits,uxBitsToClear,EventBits_t,2
MPU_xEventGroupSetBits,xEventGroup,EventGroupHandle_t,1
MPU_xEventGroupSetBits,uxBitsToSet,EventBits_t,2
MPU_xEventGroupSync,xEventGroup,EventGroupHandle_t,1
MPU_xEventGroupSync,uxBitsToSet,EventBits_t,2
MPU_xEventGroupSync,uxBitsToWaitFor,EventBits_t,3
MPU_xEventGroupSync,xTicksToWait,TickType_t,4
MPU_uxEventGroupGetNumber,xEventGroup,void*,1
MPU_vEventGroupSetNumber,xEventGroup,void*,1
MPU_vEventGroupSetNumber,uxEventGroupNumber,UBaseType_t,2
MPU_xStreamBufferSend,xStreamBuffer,StreamBufferHandle_t,1
MPU_xStreamBufferSend,pvTxData,void*,2
MPU_xStreamBufferSend,xDataLengthBytes,size_t,3
MPU_xStreamBufferSend,xTicksToWait,TickType_t,4
MPU_xStreamBufferReceive,xStreamBuffer,StreamBufferHandle_t,1
MPU_xStreamBufferReceive,pvRxData,void*,2
MPU_xStreamBufferReceive,xBufferLengthBytes,size_t,3
MPU_xStreamBufferReceive,xTicksToWait,TickType_t,4
MPU_xStreamBufferIsFull,xStreamBuffer,StreamBufferHandle_t,1
MPU_xStreamBufferIsEmpty,xStreamBuffer,StreamBufferHandle_t,1
MPU_xStreamBufferSpacesAvailable,xStreamBuffer,StreamBufferHandle_t,1
MPU_xStreamBufferBytesAvailable,xStreamBuffer,StreamBufferHandle_t,1
MPU_xStreamBufferSetTriggerLevel,xStreamBuffer,StreamBufferHandle_t,1
MPU_xStreamBufferSetTriggerLevel,xTriggerLevel,size_t,2
MPU_xStreamBufferNextMessageLengthBytes,xStreamBuffer,StreamBufferHandle_t,1
BREAKPOINT,,void,1
test_task,,void,1
fuzz_task,,void,1
pxPortInitialiseStack,pxTopOfStack,StackType_t*,1
pxPortInitialiseStack,pxCode,TaskFunction_t,2
pxPortInitialiseStack,pvParameters,void*,3
pxPortInitialiseStack,xRunPrivileged,BaseType_t,4
pxPortInitialiseStack,xMPUSettings,xMPU_SETTINGS*,5
vPortSVCHandler,,void,1
vSVCHandler_C,pulParam,uint32_t*,1
vSystemCallEnter,pulTaskStack,uint32_t*,1
vSystemCallEnter,ucSystemCallNumber,uint8_t,2
